
EIU MCR.elf:     file format elf32-avr

Sections:
Idx Name          Size      VMA       LMA       File off  Algn
  0 .data         00000088  00800200  00003184  00003218  2**0
                  CONTENTS, ALLOC, LOAD, DATA
  1 .text         00003184  00000000  00000000  00000094  2**1
                  CONTENTS, ALLOC, LOAD, READONLY, CODE
  2 .bss          000000cd  00800288  00800288  000032a0  2**0
                  ALLOC
  3 .comment      00000030  00000000  00000000  000032a0  2**0
                  CONTENTS, READONLY
  4 .note.gnu.avr.deviceinfo 00000040  00000000  00000000  000032d0  2**2
                  CONTENTS, READONLY
  5 .debug_aranges 000003b0  00000000  00000000  00003310  2**0
                  CONTENTS, READONLY, DEBUGGING
  6 .debug_info   0000532a  00000000  00000000  000036c0  2**0
                  CONTENTS, READONLY, DEBUGGING
  7 .debug_abbrev 00001991  00000000  00000000  000089ea  2**0
                  CONTENTS, READONLY, DEBUGGING
  8 .debug_line   000031a9  00000000  00000000  0000a37b  2**0
                  CONTENTS, READONLY, DEBUGGING
  9 .debug_frame  00000818  00000000  00000000  0000d524  2**2
                  CONTENTS, READONLY, DEBUGGING
 10 .debug_str    00000e6b  00000000  00000000  0000dd3c  2**0
                  CONTENTS, READONLY, DEBUGGING
 11 .debug_loc    00002a1c  00000000  00000000  0000eba7  2**0
                  CONTENTS, READONLY, DEBUGGING
 12 .debug_ranges 000002e0  00000000  00000000  000115c3  2**0
                  CONTENTS, READONLY, DEBUGGING

Disassembly of section .text:

00000000 <__vectors>:
       0:	78 c2       	rjmp	.+1264   	; 0x4f2 <__ctors_end>
       2:	00 00       	nop
       4:	97 c2       	rjmp	.+1326   	; 0x534 <__bad_interrupt>
       6:	00 00       	nop
       8:	95 c2       	rjmp	.+1322   	; 0x534 <__bad_interrupt>
       a:	00 00       	nop
       c:	0f c4       	rjmp	.+2078   	; 0x82c <__vector_3>
       e:	00 00       	nop
      10:	24 c4       	rjmp	.+2120   	; 0x85a <__vector_4>
      12:	00 00       	nop
      14:	8f c2       	rjmp	.+1310   	; 0x534 <__bad_interrupt>
      16:	00 00       	nop
      18:	8d c2       	rjmp	.+1306   	; 0x534 <__bad_interrupt>
      1a:	00 00       	nop
      1c:	8b c2       	rjmp	.+1302   	; 0x534 <__bad_interrupt>
      1e:	00 00       	nop
      20:	89 c2       	rjmp	.+1298   	; 0x534 <__bad_interrupt>
      22:	00 00       	nop
      24:	87 c2       	rjmp	.+1294   	; 0x534 <__bad_interrupt>
      26:	00 00       	nop
      28:	85 c2       	rjmp	.+1290   	; 0x534 <__bad_interrupt>
      2a:	00 00       	nop
      2c:	83 c2       	rjmp	.+1286   	; 0x534 <__bad_interrupt>
      2e:	00 00       	nop
      30:	81 c2       	rjmp	.+1282   	; 0x534 <__bad_interrupt>
      32:	00 00       	nop
      34:	7f c2       	rjmp	.+1278   	; 0x534 <__bad_interrupt>
      36:	00 00       	nop
      38:	7d c2       	rjmp	.+1274   	; 0x534 <__bad_interrupt>
      3a:	00 00       	nop
      3c:	7b c2       	rjmp	.+1270   	; 0x534 <__bad_interrupt>
      3e:	00 00       	nop
      40:	79 c2       	rjmp	.+1266   	; 0x534 <__bad_interrupt>
      42:	00 00       	nop
      44:	77 c2       	rjmp	.+1262   	; 0x534 <__bad_interrupt>
      46:	00 00       	nop
      48:	75 c2       	rjmp	.+1258   	; 0x534 <__bad_interrupt>
      4a:	00 00       	nop
      4c:	73 c2       	rjmp	.+1254   	; 0x534 <__bad_interrupt>
      4e:	00 00       	nop
      50:	71 c2       	rjmp	.+1250   	; 0x534 <__bad_interrupt>
      52:	00 00       	nop
      54:	6f c2       	rjmp	.+1246   	; 0x534 <__bad_interrupt>
      56:	00 00       	nop
      58:	6d c2       	rjmp	.+1242   	; 0x534 <__bad_interrupt>
      5a:	00 00       	nop
      5c:	0c 94 16 14 	jmp	0x282c	; 0x282c <__vector_23>
      60:	69 c2       	rjmp	.+1234   	; 0x534 <__bad_interrupt>
      62:	00 00       	nop
      64:	67 c2       	rjmp	.+1230   	; 0x534 <__bad_interrupt>
      66:	00 00       	nop
      68:	65 c2       	rjmp	.+1226   	; 0x534 <__bad_interrupt>
      6a:	00 00       	nop
      6c:	63 c2       	rjmp	.+1222   	; 0x534 <__bad_interrupt>
      6e:	00 00       	nop
      70:	61 c2       	rjmp	.+1218   	; 0x534 <__bad_interrupt>
      72:	00 00       	nop
      74:	5f c2       	rjmp	.+1214   	; 0x534 <__bad_interrupt>
      76:	00 00       	nop
      78:	5d c2       	rjmp	.+1210   	; 0x534 <__bad_interrupt>
      7a:	00 00       	nop
      7c:	5b c2       	rjmp	.+1206   	; 0x534 <__bad_interrupt>
      7e:	00 00       	nop
      80:	59 c2       	rjmp	.+1202   	; 0x534 <__bad_interrupt>
      82:	00 00       	nop
      84:	57 c2       	rjmp	.+1198   	; 0x534 <__bad_interrupt>
      86:	00 00       	nop
      88:	55 c2       	rjmp	.+1194   	; 0x534 <__bad_interrupt>
      8a:	00 00       	nop
      8c:	53 c2       	rjmp	.+1190   	; 0x534 <__bad_interrupt>
      8e:	00 00       	nop
      90:	51 c2       	rjmp	.+1186   	; 0x534 <__bad_interrupt>
      92:	00 00       	nop
      94:	4f c2       	rjmp	.+1182   	; 0x534 <__bad_interrupt>
      96:	00 00       	nop
      98:	4d c2       	rjmp	.+1178   	; 0x534 <__bad_interrupt>
      9a:	00 00       	nop
      9c:	4b c2       	rjmp	.+1174   	; 0x534 <__bad_interrupt>
      9e:	00 00       	nop
      a0:	49 c2       	rjmp	.+1170   	; 0x534 <__bad_interrupt>
      a2:	00 00       	nop
      a4:	47 c2       	rjmp	.+1166   	; 0x534 <__bad_interrupt>
      a6:	00 00       	nop
      a8:	45 c2       	rjmp	.+1162   	; 0x534 <__bad_interrupt>
      aa:	00 00       	nop
      ac:	43 c2       	rjmp	.+1158   	; 0x534 <__bad_interrupt>
      ae:	00 00       	nop
      b0:	41 c2       	rjmp	.+1154   	; 0x534 <__bad_interrupt>
      b2:	00 00       	nop
      b4:	3f c2       	rjmp	.+1150   	; 0x534 <__bad_interrupt>
      b6:	00 00       	nop
      b8:	3d c2       	rjmp	.+1146   	; 0x534 <__bad_interrupt>
      ba:	00 00       	nop
      bc:	3b c2       	rjmp	.+1142   	; 0x534 <__bad_interrupt>
      be:	00 00       	nop
      c0:	39 c2       	rjmp	.+1138   	; 0x534 <__bad_interrupt>
      c2:	00 00       	nop
      c4:	37 c2       	rjmp	.+1134   	; 0x534 <__bad_interrupt>
      c6:	00 00       	nop
      c8:	35 c2       	rjmp	.+1130   	; 0x534 <__bad_interrupt>
      ca:	00 00       	nop
      cc:	33 c2       	rjmp	.+1126   	; 0x534 <__bad_interrupt>
      ce:	00 00       	nop
      d0:	31 c2       	rjmp	.+1122   	; 0x534 <__bad_interrupt>
      d2:	00 00       	nop
      d4:	2f c2       	rjmp	.+1118   	; 0x534 <__bad_interrupt>
      d6:	00 00       	nop
      d8:	2d c2       	rjmp	.+1114   	; 0x534 <__bad_interrupt>
      da:	00 00       	nop
      dc:	2b c2       	rjmp	.+1110   	; 0x534 <__bad_interrupt>
      de:	00 00       	nop
      e0:	29 c2       	rjmp	.+1106   	; 0x534 <__bad_interrupt>
      e2:	00 00       	nop
      e4:	8d 07       	cpc	r24, r29
      e6:	ca 07       	cpc	r28, r26
      e8:	05 08       	sbc	r0, r5
      ea:	42 08       	sbc	r4, r2
      ec:	7f 08       	sbc	r7, r15
      ee:	bc 08       	sbc	r11, r12
      f0:	f9 08       	sbc	r15, r9
      f2:	36 09       	sbc	r19, r6
      f4:	75 09       	sbc	r23, r5
      f6:	4a 0c       	add	r4, r10
      f8:	2e 0c       	add	r2, r14
      fa:	e6 0b       	sbc	r30, r22
      fc:	12 0c       	add	r1, r2
      fe:	8e 0b       	sbc	r24, r30
     100:	68 0d       	add	r22, r8
     102:	ba 0b       	sbc	r27, r26
     104:	e6 0b       	sbc	r30, r22
     106:	57 0b       	sbc	r21, r23
     108:	68 0d       	add	r22, r8
     10a:	68 0d       	add	r22, r8
     10c:	68 0d       	add	r22, r8
     10e:	72 0b       	sbc	r23, r18
     110:	68 0d       	add	r22, r8
     112:	8e 0b       	sbc	r24, r30
     114:	70 0d       	add	r23, r0
     116:	5d 0c       	add	r5, r13
     118:	68 0d       	add	r22, r8
     11a:	68 0d       	add	r22, r8
     11c:	68 0d       	add	r22, r8
     11e:	68 0d       	add	r22, r8
     120:	68 0d       	add	r22, r8
     122:	68 0d       	add	r22, r8
     124:	68 0d       	add	r22, r8
     126:	46 0b       	sbc	r20, r22
     128:	68 0d       	add	r22, r8
     12a:	68 0d       	add	r22, r8
     12c:	68 0d       	add	r22, r8
     12e:	57 0b       	sbc	r21, r23
     130:	68 0d       	add	r22, r8
     132:	72 0b       	sbc	r23, r18
     134:	68 0d       	add	r22, r8
     136:	9b 0c       	add	r9, r11
     138:	68 0d       	add	r22, r8
     13a:	68 0d       	add	r22, r8
     13c:	68 0d       	add	r22, r8
     13e:	68 0d       	add	r22, r8
     140:	68 0d       	add	r22, r8
     142:	68 0d       	add	r22, r8
     144:	68 0d       	add	r22, r8
     146:	68 0d       	add	r22, r8
     148:	68 0d       	add	r22, r8
     14a:	68 0d       	add	r22, r8
     14c:	68 0d       	add	r22, r8
     14e:	68 0d       	add	r22, r8
     150:	68 0d       	add	r22, r8
     152:	68 0d       	add	r22, r8
     154:	68 0d       	add	r22, r8
     156:	7c 0c       	add	r7, r12
     158:	68 0d       	add	r22, r8
     15a:	68 0d       	add	r22, r8
     15c:	68 0d       	add	r22, r8
     15e:	68 0d       	add	r22, r8
     160:	68 0d       	add	r22, r8
     162:	68 0d       	add	r22, r8
     164:	68 0d       	add	r22, r8
     166:	5d 0c       	add	r5, r13
     168:	68 0d       	add	r22, r8
     16a:	68 0d       	add	r22, r8
     16c:	68 0d       	add	r22, r8
     16e:	46 0b       	sbc	r20, r22
     170:	68 0d       	add	r22, r8
     172:	68 0d       	add	r22, r8
     174:	68 0d       	add	r22, r8
     176:	fb 0c       	add	r15, r11
     178:	68 0d       	add	r22, r8
     17a:	68 0d       	add	r22, r8
     17c:	68 0d       	add	r22, r8
     17e:	68 0d       	add	r22, r8
     180:	68 0d       	add	r22, r8
     182:	68 0d       	add	r22, r8
     184:	68 0d       	add	r22, r8
     186:	68 0d       	add	r22, r8
     188:	68 0d       	add	r22, r8
     18a:	68 0d       	add	r22, r8
     18c:	68 0d       	add	r22, r8
     18e:	68 0d       	add	r22, r8
     190:	68 0d       	add	r22, r8
     192:	68 0d       	add	r22, r8
     194:	68 0d       	add	r22, r8
     196:	68 0d       	add	r22, r8
     198:	68 0d       	add	r22, r8
     19a:	68 0d       	add	r22, r8
     19c:	68 0d       	add	r22, r8
     19e:	68 0d       	add	r22, r8
     1a0:	68 0d       	add	r22, r8
     1a2:	68 0d       	add	r22, r8
     1a4:	68 0d       	add	r22, r8
     1a6:	68 0d       	add	r22, r8
     1a8:	68 0d       	add	r22, r8
     1aa:	68 0d       	add	r22, r8
     1ac:	68 0d       	add	r22, r8
     1ae:	68 0d       	add	r22, r8
     1b0:	68 0d       	add	r22, r8
     1b2:	68 0d       	add	r22, r8
     1b4:	68 0d       	add	r22, r8
     1b6:	cb 0c       	add	r12, r11
     1b8:	68 0d       	add	r22, r8
     1ba:	68 0d       	add	r22, r8
     1bc:	68 0d       	add	r22, r8
     1be:	68 0d       	add	r22, r8
     1c0:	68 0d       	add	r22, r8
     1c2:	68 0d       	add	r22, r8
     1c4:	68 0d       	add	r22, r8
     1c6:	68 0d       	add	r22, r8
     1c8:	68 0d       	add	r22, r8
     1ca:	68 0d       	add	r22, r8
     1cc:	68 0d       	add	r22, r8
     1ce:	68 0d       	add	r22, r8
     1d0:	68 0d       	add	r22, r8
     1d2:	68 0d       	add	r22, r8
     1d4:	68 0d       	add	r22, r8
     1d6:	9b 0c       	add	r9, r11
     1d8:	68 0d       	add	r22, r8
     1da:	68 0d       	add	r22, r8
     1dc:	68 0d       	add	r22, r8
     1de:	68 0d       	add	r22, r8
     1e0:	68 0d       	add	r22, r8
     1e2:	68 0d       	add	r22, r8
     1e4:	68 0d       	add	r22, r8
     1e6:	7c 0c       	add	r7, r12
     1e8:	68 0d       	add	r22, r8
     1ea:	68 0d       	add	r22, r8
     1ec:	68 0d       	add	r22, r8
     1ee:	68 0d       	add	r22, r8
     1f0:	68 0d       	add	r22, r8
     1f2:	68 0d       	add	r22, r8
     1f4:	68 0d       	add	r22, r8
     1f6:	49 0d       	add	r20, r9
     1f8:	4a 0c       	add	r4, r10
     1fa:	68 0d       	add	r22, r8
     1fc:	4a 0c       	add	r4, r10
     1fe:	68 0d       	add	r22, r8
     200:	68 0d       	add	r22, r8
     202:	68 0d       	add	r22, r8
     204:	68 0d       	add	r22, r8
     206:	68 0d       	add	r22, r8
     208:	68 0d       	add	r22, r8
     20a:	68 0d       	add	r22, r8
     20c:	68 0d       	add	r22, r8
     20e:	68 0d       	add	r22, r8
     210:	68 0d       	add	r22, r8
     212:	68 0d       	add	r22, r8
     214:	68 0d       	add	r22, r8
     216:	68 0d       	add	r22, r8
     218:	68 0d       	add	r22, r8
     21a:	68 0d       	add	r22, r8
     21c:	68 0d       	add	r22, r8
     21e:	68 0d       	add	r22, r8
     220:	68 0d       	add	r22, r8
     222:	68 0d       	add	r22, r8
     224:	68 0d       	add	r22, r8
     226:	68 0d       	add	r22, r8
     228:	68 0d       	add	r22, r8
     22a:	68 0d       	add	r22, r8
     22c:	68 0d       	add	r22, r8
     22e:	68 0d       	add	r22, r8
     230:	68 0d       	add	r22, r8
     232:	68 0d       	add	r22, r8
     234:	68 0d       	add	r22, r8
     236:	68 0d       	add	r22, r8
     238:	68 0d       	add	r22, r8
     23a:	68 0d       	add	r22, r8
     23c:	68 0d       	add	r22, r8
     23e:	68 0d       	add	r22, r8
     240:	68 0d       	add	r22, r8
     242:	68 0d       	add	r22, r8
     244:	68 0d       	add	r22, r8
     246:	68 0d       	add	r22, r8
     248:	68 0d       	add	r22, r8
     24a:	68 0d       	add	r22, r8
     24c:	68 0d       	add	r22, r8
     24e:	68 0d       	add	r22, r8
     250:	68 0d       	add	r22, r8
     252:	68 0d       	add	r22, r8
     254:	68 0d       	add	r22, r8
     256:	68 0d       	add	r22, r8
     258:	68 0d       	add	r22, r8
     25a:	68 0d       	add	r22, r8
     25c:	68 0d       	add	r22, r8
     25e:	68 0d       	add	r22, r8
     260:	68 0d       	add	r22, r8
     262:	68 0d       	add	r22, r8
     264:	68 0d       	add	r22, r8
     266:	68 0d       	add	r22, r8
     268:	68 0d       	add	r22, r8
     26a:	68 0d       	add	r22, r8
     26c:	68 0d       	add	r22, r8
     26e:	68 0d       	add	r22, r8
     270:	68 0d       	add	r22, r8
     272:	68 0d       	add	r22, r8
     274:	68 0d       	add	r22, r8
     276:	2a 0d       	add	r18, r10
     278:	4a 0c       	add	r4, r10
     27a:	68 0d       	add	r22, r8
     27c:	68 0d       	add	r22, r8
     27e:	68 0d       	add	r22, r8
     280:	68 0d       	add	r22, r8
     282:	68 0d       	add	r22, r8
     284:	68 0d       	add	r22, r8
     286:	68 0d       	add	r22, r8
     288:	68 0d       	add	r22, r8
     28a:	68 0d       	add	r22, r8
     28c:	68 0d       	add	r22, r8
     28e:	68 0d       	add	r22, r8
     290:	68 0d       	add	r22, r8
     292:	68 0d       	add	r22, r8
     294:	68 0d       	add	r22, r8
     296:	68 0d       	add	r22, r8
     298:	68 0d       	add	r22, r8
     29a:	68 0d       	add	r22, r8
     29c:	68 0d       	add	r22, r8
     29e:	68 0d       	add	r22, r8
     2a0:	68 0d       	add	r22, r8
     2a2:	68 0d       	add	r22, r8
     2a4:	68 0d       	add	r22, r8
     2a6:	68 0d       	add	r22, r8
     2a8:	68 0d       	add	r22, r8
     2aa:	68 0d       	add	r22, r8
     2ac:	68 0d       	add	r22, r8
     2ae:	68 0d       	add	r22, r8
     2b0:	68 0d       	add	r22, r8
     2b2:	68 0d       	add	r22, r8
     2b4:	68 0d       	add	r22, r8
     2b6:	fb 0c       	add	r15, r11
     2b8:	68 0d       	add	r22, r8
     2ba:	68 0d       	add	r22, r8
     2bc:	68 0d       	add	r22, r8
     2be:	68 0d       	add	r22, r8
     2c0:	68 0d       	add	r22, r8
     2c2:	68 0d       	add	r22, r8
     2c4:	68 0d       	add	r22, r8
     2c6:	68 0d       	add	r22, r8
     2c8:	68 0d       	add	r22, r8
     2ca:	68 0d       	add	r22, r8
     2cc:	68 0d       	add	r22, r8
     2ce:	68 0d       	add	r22, r8
     2d0:	68 0d       	add	r22, r8
     2d2:	68 0d       	add	r22, r8
     2d4:	68 0d       	add	r22, r8
     2d6:	70 0d       	add	r23, r0
     2d8:	ea 0f       	add	r30, r26
     2da:	d2 0f       	add	r29, r18
     2dc:	92 0f       	add	r25, r18
     2de:	ba 0f       	add	r27, r26
     2e0:	42 0f       	add	r20, r18
     2e2:	ea 10       	cpse	r14, r10
     2e4:	6a 0f       	add	r22, r26
     2e6:	92 0f       	add	r25, r18
     2e8:	13 0f       	add	r17, r19
     2ea:	ea 10       	cpse	r14, r10
     2ec:	ea 10       	cpse	r14, r10
     2ee:	ea 10       	cpse	r14, r10
     2f0:	2a 0f       	add	r18, r26
     2f2:	ea 10       	cpse	r14, r10
     2f4:	42 0f       	add	r20, r18
     2f6:	f2 10       	cpse	r15, r2
     2f8:	fd 0f       	add	r31, r29
     2fa:	ea 10       	cpse	r14, r10
     2fc:	ea 10       	cpse	r14, r10
     2fe:	ea 10       	cpse	r14, r10
     300:	ea 10       	cpse	r14, r10
     302:	ea 10       	cpse	r14, r10
     304:	ea 10       	cpse	r14, r10
     306:	ea 10       	cpse	r14, r10
     308:	06 0f       	add	r16, r22
     30a:	ea 10       	cpse	r14, r10
     30c:	ea 10       	cpse	r14, r10
     30e:	ea 10       	cpse	r14, r10
     310:	13 0f       	add	r17, r19
     312:	ea 10       	cpse	r14, r10
     314:	2a 0f       	add	r18, r26
     316:	ea 10       	cpse	r14, r10
     318:	33 10       	cpse	r3, r3
     31a:	ea 10       	cpse	r14, r10
     31c:	ea 10       	cpse	r14, r10
     31e:	ea 10       	cpse	r14, r10
     320:	ea 10       	cpse	r14, r10
     322:	ea 10       	cpse	r14, r10
     324:	ea 10       	cpse	r14, r10
     326:	ea 10       	cpse	r14, r10
     328:	ea 10       	cpse	r14, r10
     32a:	ea 10       	cpse	r14, r10
     32c:	ea 10       	cpse	r14, r10
     32e:	ea 10       	cpse	r14, r10
     330:	ea 10       	cpse	r14, r10
     332:	ea 10       	cpse	r14, r10
     334:	ea 10       	cpse	r14, r10
     336:	ea 10       	cpse	r14, r10
     338:	18 10       	cpse	r1, r8
     33a:	ea 10       	cpse	r14, r10
     33c:	ea 10       	cpse	r14, r10
     33e:	ea 10       	cpse	r14, r10
     340:	ea 10       	cpse	r14, r10
     342:	ea 10       	cpse	r14, r10
     344:	ea 10       	cpse	r14, r10
     346:	ea 10       	cpse	r14, r10
     348:	fd 0f       	add	r31, r29
     34a:	ea 10       	cpse	r14, r10
     34c:	ea 10       	cpse	r14, r10
     34e:	ea 10       	cpse	r14, r10
     350:	06 0f       	add	r16, r22
     352:	ea 10       	cpse	r14, r10
     354:	ea 10       	cpse	r14, r10
     356:	ea 10       	cpse	r14, r10
     358:	89 10       	cpse	r8, r9
     35a:	ea 10       	cpse	r14, r10
     35c:	ea 10       	cpse	r14, r10
     35e:	ea 10       	cpse	r14, r10
     360:	ea 10       	cpse	r14, r10
     362:	ea 10       	cpse	r14, r10
     364:	ea 10       	cpse	r14, r10
     366:	ea 10       	cpse	r14, r10
     368:	ea 10       	cpse	r14, r10
     36a:	ea 10       	cpse	r14, r10
     36c:	ea 10       	cpse	r14, r10
     36e:	ea 10       	cpse	r14, r10
     370:	ea 10       	cpse	r14, r10
     372:	ea 10       	cpse	r14, r10
     374:	ea 10       	cpse	r14, r10
     376:	ea 10       	cpse	r14, r10
     378:	ea 10       	cpse	r14, r10
     37a:	ea 10       	cpse	r14, r10
     37c:	ea 10       	cpse	r14, r10
     37e:	ea 10       	cpse	r14, r10
     380:	ea 10       	cpse	r14, r10
     382:	ea 10       	cpse	r14, r10
     384:	ea 10       	cpse	r14, r10
     386:	ea 10       	cpse	r14, r10
     388:	ea 10       	cpse	r14, r10
     38a:	ea 10       	cpse	r14, r10
     38c:	ea 10       	cpse	r14, r10
     38e:	ea 10       	cpse	r14, r10
     390:	ea 10       	cpse	r14, r10
     392:	ea 10       	cpse	r14, r10
     394:	ea 10       	cpse	r14, r10
     396:	ea 10       	cpse	r14, r10
     398:	5e 10       	cpse	r5, r14
     39a:	ea 10       	cpse	r14, r10
     39c:	ea 10       	cpse	r14, r10
     39e:	ea 10       	cpse	r14, r10
     3a0:	ea 10       	cpse	r14, r10
     3a2:	ea 10       	cpse	r14, r10
     3a4:	ea 10       	cpse	r14, r10
     3a6:	ea 10       	cpse	r14, r10
     3a8:	ea 10       	cpse	r14, r10
     3aa:	ea 10       	cpse	r14, r10
     3ac:	ea 10       	cpse	r14, r10
     3ae:	ea 10       	cpse	r14, r10
     3b0:	ea 10       	cpse	r14, r10
     3b2:	ea 10       	cpse	r14, r10
     3b4:	ea 10       	cpse	r14, r10
     3b6:	ea 10       	cpse	r14, r10
     3b8:	33 10       	cpse	r3, r3
     3ba:	ea 10       	cpse	r14, r10
     3bc:	ea 10       	cpse	r14, r10
     3be:	ea 10       	cpse	r14, r10
     3c0:	ea 10       	cpse	r14, r10
     3c2:	ea 10       	cpse	r14, r10
     3c4:	ea 10       	cpse	r14, r10
     3c6:	ea 10       	cpse	r14, r10
     3c8:	18 10       	cpse	r1, r8
     3ca:	ea 10       	cpse	r14, r10
     3cc:	ea 10       	cpse	r14, r10
     3ce:	ea 10       	cpse	r14, r10
     3d0:	ea 10       	cpse	r14, r10
     3d2:	ea 10       	cpse	r14, r10
     3d4:	ea 10       	cpse	r14, r10
     3d6:	ea 10       	cpse	r14, r10
     3d8:	cf 10       	cpse	r12, r15
     3da:	ea 0f       	add	r30, r26
     3dc:	ea 10       	cpse	r14, r10
     3de:	ea 0f       	add	r30, r26
     3e0:	ea 10       	cpse	r14, r10
     3e2:	ea 10       	cpse	r14, r10
     3e4:	ea 10       	cpse	r14, r10
     3e6:	ea 10       	cpse	r14, r10
     3e8:	ea 10       	cpse	r14, r10
     3ea:	ea 10       	cpse	r14, r10
     3ec:	ea 10       	cpse	r14, r10
     3ee:	ea 10       	cpse	r14, r10
     3f0:	ea 10       	cpse	r14, r10
     3f2:	ea 10       	cpse	r14, r10
     3f4:	ea 10       	cpse	r14, r10
     3f6:	ea 10       	cpse	r14, r10
     3f8:	ea 10       	cpse	r14, r10
     3fa:	ea 10       	cpse	r14, r10
     3fc:	ea 10       	cpse	r14, r10
     3fe:	ea 10       	cpse	r14, r10
     400:	ea 10       	cpse	r14, r10
     402:	ea 10       	cpse	r14, r10
     404:	ea 10       	cpse	r14, r10
     406:	ea 10       	cpse	r14, r10
     408:	ea 10       	cpse	r14, r10
     40a:	ea 10       	cpse	r14, r10
     40c:	ea 10       	cpse	r14, r10
     40e:	ea 10       	cpse	r14, r10
     410:	ea 10       	cpse	r14, r10
     412:	ea 10       	cpse	r14, r10
     414:	ea 10       	cpse	r14, r10
     416:	ea 10       	cpse	r14, r10
     418:	ea 10       	cpse	r14, r10
     41a:	ea 10       	cpse	r14, r10
     41c:	ea 10       	cpse	r14, r10
     41e:	ea 10       	cpse	r14, r10
     420:	ea 10       	cpse	r14, r10
     422:	ea 10       	cpse	r14, r10
     424:	ea 10       	cpse	r14, r10
     426:	ea 10       	cpse	r14, r10
     428:	ea 10       	cpse	r14, r10
     42a:	ea 10       	cpse	r14, r10
     42c:	ea 10       	cpse	r14, r10
     42e:	ea 10       	cpse	r14, r10
     430:	ea 10       	cpse	r14, r10
     432:	ea 10       	cpse	r14, r10
     434:	ea 10       	cpse	r14, r10
     436:	ea 10       	cpse	r14, r10
     438:	ea 10       	cpse	r14, r10
     43a:	ea 10       	cpse	r14, r10
     43c:	ea 10       	cpse	r14, r10
     43e:	ea 10       	cpse	r14, r10
     440:	ea 10       	cpse	r14, r10
     442:	ea 10       	cpse	r14, r10
     444:	ea 10       	cpse	r14, r10
     446:	ea 10       	cpse	r14, r10
     448:	ea 10       	cpse	r14, r10
     44a:	ea 10       	cpse	r14, r10
     44c:	ea 10       	cpse	r14, r10
     44e:	ea 10       	cpse	r14, r10
     450:	ea 10       	cpse	r14, r10
     452:	ea 10       	cpse	r14, r10
     454:	ea 10       	cpse	r14, r10
     456:	ea 10       	cpse	r14, r10
     458:	b4 10       	cpse	r11, r4
     45a:	ea 0f       	add	r30, r26
     45c:	ea 10       	cpse	r14, r10
     45e:	ea 10       	cpse	r14, r10
     460:	ea 10       	cpse	r14, r10
     462:	ea 10       	cpse	r14, r10
     464:	ea 10       	cpse	r14, r10
     466:	ea 10       	cpse	r14, r10
     468:	ea 10       	cpse	r14, r10
     46a:	ea 10       	cpse	r14, r10
     46c:	ea 10       	cpse	r14, r10
     46e:	ea 10       	cpse	r14, r10
     470:	ea 10       	cpse	r14, r10
     472:	ea 10       	cpse	r14, r10
     474:	ea 10       	cpse	r14, r10
     476:	ea 10       	cpse	r14, r10
     478:	ea 10       	cpse	r14, r10
     47a:	ea 10       	cpse	r14, r10
     47c:	ea 10       	cpse	r14, r10
     47e:	ea 10       	cpse	r14, r10
     480:	ea 10       	cpse	r14, r10
     482:	ea 10       	cpse	r14, r10
     484:	ea 10       	cpse	r14, r10
     486:	ea 10       	cpse	r14, r10
     488:	ea 10       	cpse	r14, r10
     48a:	ea 10       	cpse	r14, r10
     48c:	ea 10       	cpse	r14, r10
     48e:	ea 10       	cpse	r14, r10
     490:	ea 10       	cpse	r14, r10
     492:	ea 10       	cpse	r14, r10
     494:	ea 10       	cpse	r14, r10
     496:	ea 10       	cpse	r14, r10
     498:	89 10       	cpse	r8, r9
     49a:	ea 10       	cpse	r14, r10
     49c:	ea 10       	cpse	r14, r10
     49e:	ea 10       	cpse	r14, r10
     4a0:	ea 10       	cpse	r14, r10
     4a2:	ea 10       	cpse	r14, r10
     4a4:	ea 10       	cpse	r14, r10
     4a6:	ea 10       	cpse	r14, r10
     4a8:	ea 10       	cpse	r14, r10
     4aa:	ea 10       	cpse	r14, r10
     4ac:	ea 10       	cpse	r14, r10
     4ae:	ea 10       	cpse	r14, r10
     4b0:	ea 10       	cpse	r14, r10
     4b2:	ea 10       	cpse	r14, r10
     4b4:	ea 10       	cpse	r14, r10
     4b6:	ea 10       	cpse	r14, r10
     4b8:	f2 10       	cpse	r15, r2
     4ba:	32 11       	cpse	r19, r2
     4bc:	13 13       	cpse	r17, r19
     4be:	13 13       	cpse	r17, r19
     4c0:	13 13       	cpse	r17, r19
     4c2:	40 11       	cpse	r20, r0
     4c4:	70 11       	cpse	r23, r0
     4c6:	13 13       	cpse	r17, r19
     4c8:	13 13       	cpse	r17, r19
     4ca:	13 13       	cpse	r17, r19
     4cc:	13 13       	cpse	r17, r19
     4ce:	13 13       	cpse	r17, r19
     4d0:	13 13       	cpse	r17, r19
     4d2:	a3 11       	cpse	r26, r3
     4d4:	c2 11       	cpse	r28, r2
     4d6:	d3 11       	cpse	r29, r3
     4d8:	e3 11       	cpse	r30, r3
     4da:	fb 11       	cpse	r31, r11
     4dc:	13 12       	cpse	r1, r19
     4de:	13 13       	cpse	r17, r19
     4e0:	13 13       	cpse	r17, r19
     4e2:	13 13       	cpse	r17, r19
     4e4:	13 13       	cpse	r17, r19
     4e6:	4c 12       	cpse	r4, r28
     4e8:	70 12       	cpse	r7, r16
     4ea:	86 12       	cpse	r8, r22
     4ec:	9b 12       	cpse	r9, r27
     4ee:	b8 12       	cpse	r11, r24
     4f0:	d5 12       	cpse	r13, r21

000004f2 <__ctors_end>:
     4f2:	11 24       	eor	r1, r1
     4f4:	1f be       	out	0x3f, r1	; 63
     4f6:	cf ef       	ldi	r28, 0xFF	; 255
     4f8:	d1 e2       	ldi	r29, 0x21	; 33
     4fa:	de bf       	out	0x3e, r29	; 62
     4fc:	cd bf       	out	0x3d, r28	; 61
     4fe:	00 e0       	ldi	r16, 0x00	; 0
     500:	0c bf       	out	0x3c, r16	; 60

00000502 <__do_copy_data>:
     502:	12 e0       	ldi	r17, 0x02	; 2
     504:	a0 e0       	ldi	r26, 0x00	; 0
     506:	b2 e0       	ldi	r27, 0x02	; 2
     508:	e4 e8       	ldi	r30, 0x84	; 132
     50a:	f1 e3       	ldi	r31, 0x31	; 49
     50c:	00 e0       	ldi	r16, 0x00	; 0
     50e:	0b bf       	out	0x3b, r16	; 59
     510:	02 c0       	rjmp	.+4      	; 0x516 <__do_copy_data+0x14>
     512:	07 90       	elpm	r0, Z+
     514:	0d 92       	st	X+, r0
     516:	a8 38       	cpi	r26, 0x88	; 136
     518:	b1 07       	cpc	r27, r17
     51a:	d9 f7       	brne	.-10     	; 0x512 <__do_copy_data+0x10>

0000051c <__do_clear_bss>:
     51c:	23 e0       	ldi	r18, 0x03	; 3
     51e:	a8 e8       	ldi	r26, 0x88	; 136
     520:	b2 e0       	ldi	r27, 0x02	; 2
     522:	01 c0       	rjmp	.+2      	; 0x526 <.do_clear_bss_start>

00000524 <.do_clear_bss_loop>:
     524:	1d 92       	st	X+, r1

00000526 <.do_clear_bss_start>:
     526:	a5 35       	cpi	r26, 0x55	; 85
     528:	b2 07       	cpc	r27, r18
     52a:	e1 f7       	brne	.-8      	; 0x524 <.do_clear_bss_loop>
     52c:	0e 94 95 14 	call	0x292a	; 0x292a <main>
     530:	0c 94 c0 18 	jmp	0x3180	; 0x3180 <_exit>

00000534 <__bad_interrupt>:
     534:	65 cd       	rjmp	.-1334   	; 0x0 <__vectors>

00000536 <adc_init>:
/*				 color is BLACK       */
/*				or WHITE			  */
/*====================================*/
void save_sensor(unsigned char color)
{
	isUpdate = 0;
     536:	80 e4       	ldi	r24, 0x40	; 64
     538:	80 93 7c 00 	sts	0x007C, r24	; 0x80007c <__TEXT_REGION_LENGTH__+0x7c007c>
     53c:	84 e8       	ldi	r24, 0x84	; 132
     53e:	80 93 7a 00 	sts	0x007A, r24	; 0x80007a <__TEXT_REGION_LENGTH__+0x7c007a>
     542:	8c e2       	ldi	r24, 0x2C	; 44
     544:	91 e0       	ldi	r25, 0x01	; 1
     546:	90 93 db 02 	sts	0x02DB, r25	; 0x8002db <compareValue+0x1>
     54a:	80 93 da 02 	sts	0x02DA, r24	; 0x8002da <compareValue>
     54e:	08 95       	ret

00000550 <read_adc>:
     550:	80 64       	ori	r24, 0x40	; 64
     552:	80 93 7c 00 	sts	0x007C, r24	; 0x80007c <__TEXT_REGION_LENGTH__+0x7c007c>
     556:	ea e7       	ldi	r30, 0x7A	; 122
     558:	f0 e0       	ldi	r31, 0x00	; 0
     55a:	80 81       	ld	r24, Z
     55c:	80 64       	ori	r24, 0x40	; 64
     55e:	80 83       	st	Z, r24
     560:	80 81       	ld	r24, Z
     562:	84 ff       	sbrs	r24, 4
     564:	fd cf       	rjmp	.-6      	; 0x560 <read_adc+0x10>
     566:	ea e7       	ldi	r30, 0x7A	; 122
     568:	f0 e0       	ldi	r31, 0x00	; 0
     56a:	80 81       	ld	r24, Z
     56c:	80 61       	ori	r24, 0x10	; 16
     56e:	80 83       	st	Z, r24
     570:	80 91 78 00 	lds	r24, 0x0078	; 0x800078 <__TEXT_REGION_LENGTH__+0x7c0078>
     574:	90 91 79 00 	lds	r25, 0x0079	; 0x800079 <__TEXT_REGION_LENGTH__+0x7c0079>
     578:	08 95       	ret

0000057a <read_bat>:
     57a:	80 e4       	ldi	r24, 0x40	; 64
     57c:	80 93 7c 00 	sts	0x007C, r24	; 0x80007c <__TEXT_REGION_LENGTH__+0x7c007c>
     580:	eb e7       	ldi	r30, 0x7B	; 123
     582:	f0 e0       	ldi	r31, 0x00	; 0
     584:	80 81       	ld	r24, Z
     586:	88 60       	ori	r24, 0x08	; 8
     588:	80 83       	st	Z, r24
     58a:	ea e7       	ldi	r30, 0x7A	; 122
     58c:	f0 e0       	ldi	r31, 0x00	; 0
     58e:	80 81       	ld	r24, Z
     590:	80 64       	ori	r24, 0x40	; 64
     592:	80 83       	st	Z, r24
     594:	80 81       	ld	r24, Z
     596:	84 ff       	sbrs	r24, 4
     598:	fd cf       	rjmp	.-6      	; 0x594 <read_bat+0x1a>
     59a:	ea e7       	ldi	r30, 0x7A	; 122
     59c:	f0 e0       	ldi	r31, 0x00	; 0
     59e:	80 81       	ld	r24, Z
     5a0:	80 61       	ori	r24, 0x10	; 16
     5a2:	80 83       	st	Z, r24
     5a4:	eb e7       	ldi	r30, 0x7B	; 123
     5a6:	f0 e0       	ldi	r31, 0x00	; 0
     5a8:	80 81       	ld	r24, Z
     5aa:	87 7f       	andi	r24, 0xF7	; 247
     5ac:	80 83       	st	Z, r24
     5ae:	80 91 78 00 	lds	r24, 0x0078	; 0x800078 <__TEXT_REGION_LENGTH__+0x7c0078>
     5b2:	90 91 79 00 	lds	r25, 0x0079	; 0x800079 <__TEXT_REGION_LENGTH__+0x7c0079>
     5b6:	08 95       	ret

000005b8 <read_volt>:
     5b8:	0f 93       	push	r16
     5ba:	1f 93       	push	r17
     5bc:	cf 93       	push	r28
     5be:	0c ee       	ldi	r16, 0xEC	; 236
     5c0:	12 e0       	ldi	r17, 0x02	; 2
     5c2:	c0 e0       	ldi	r28, 0x00	; 0
     5c4:	8c 2f       	mov	r24, r28
     5c6:	c4 df       	rcall	.-120    	; 0x550 <read_adc>
     5c8:	f8 01       	movw	r30, r16
     5ca:	92 93       	st	-Z, r25
     5cc:	82 93       	st	-Z, r24
     5ce:	8f 01       	movw	r16, r30
     5d0:	cf 5f       	subi	r28, 0xFF	; 255
     5d2:	c8 30       	cpi	r28, 0x08	; 8
     5d4:	b9 f7       	brne	.-18     	; 0x5c4 <read_volt+0xc>
     5d6:	cf 91       	pop	r28
     5d8:	1f 91       	pop	r17
     5da:	0f 91       	pop	r16
     5dc:	08 95       	ret

000005de <read_sensor>:
     5de:	80 91 88 02 	lds	r24, 0x0288	; 0x800288 <__data_end>
     5e2:	81 11       	cpse	r24, r1
     5e4:	16 c0       	rjmp	.+44     	; 0x612 <read_sensor+0x34>
     5e6:	e8 df       	rcall	.-48     	; 0x5b8 <read_volt>
     5e8:	ec ed       	ldi	r30, 0xDC	; 220
     5ea:	f2 e0       	ldi	r31, 0x02	; 2
     5ec:	a9 e8       	ldi	r26, 0x89	; 137
     5ee:	b2 e0       	ldi	r27, 0x02	; 2
     5f0:	6c ee       	ldi	r22, 0xEC	; 236
     5f2:	72 e0       	ldi	r23, 0x02	; 2
     5f4:	80 e0       	ldi	r24, 0x00	; 0
     5f6:	88 0f       	add	r24, r24
     5f8:	41 91       	ld	r20, Z+
     5fa:	51 91       	ld	r21, Z+
     5fc:	2d 91       	ld	r18, X+
     5fe:	3d 91       	ld	r19, X+
     600:	24 17       	cp	r18, r20
     602:	35 07       	cpc	r19, r21
     604:	08 f4       	brcc	.+2      	; 0x608 <read_sensor+0x2a>
     606:	81 60       	ori	r24, 0x01	; 1
     608:	e6 17       	cp	r30, r22
     60a:	f7 07       	cpc	r31, r23
     60c:	a1 f7       	brne	.-24     	; 0x5f6 <read_sensor+0x18>
     60e:	80 93 d9 02 	sts	0x02D9, r24	; 0x8002d9 <sensor>
     612:	08 95       	ret

00000614 <update_vcompare>:
/*  Parameter: null                   */
/*  Description: update value of      */
/*               v_compare[8] and save*/
/*               in eeprom of MCU     */
/*====================================*/
void update_vcompare(){
     614:	cf 93       	push	r28
     616:	df 93       	push	r29
     618:	e9 ea       	ldi	r30, 0xA9	; 169
     61a:	f2 e0       	ldi	r31, 0x02	; 2
     61c:	c9 eb       	ldi	r28, 0xB9	; 185
     61e:	d2 e0       	ldi	r29, 0x02	; 2
     620:	a9 e8       	ldi	r26, 0x89	; 137
     622:	b2 e0       	ldi	r27, 0x02	; 2
     624:	49 eb       	ldi	r20, 0xB9	; 185
     626:	52 e0       	ldi	r21, 0x02	; 2
	int i;
	for (i=0; i<8; i++)
	{
		v_compare[i] = (maxOfMinSensorValue[i] + minOfMaxSensorValue[i])/2;
     628:	21 91       	ld	r18, Z+
     62a:	31 91       	ld	r19, Z+
     62c:	89 91       	ld	r24, Y+
     62e:	99 91       	ld	r25, Y+
     630:	82 0f       	add	r24, r18
     632:	93 1f       	adc	r25, r19
     634:	96 95       	lsr	r25
     636:	87 95       	ror	r24
     638:	8d 93       	st	X+, r24
     63a:	9d 93       	st	X+, r25
/*               v_compare[8] and save*/
/*               in eeprom of MCU     */
/*====================================*/
void update_vcompare(){
	int i;
	for (i=0; i<8; i++)
     63c:	e4 17       	cp	r30, r20
     63e:	f5 07       	cpc	r31, r21
     640:	99 f7       	brne	.-26     	; 0x628 <update_vcompare+0x14>
	{
		v_compare[i] = (maxOfMinSensorValue[i] + minOfMaxSensorValue[i])/2;
	}
	eeprom_writestr(V_COMPARE_POS, v_compare, 16);
     642:	40 e1       	ldi	r20, 0x10	; 16
     644:	69 e8       	ldi	r22, 0x89	; 137
     646:	72 e0       	ldi	r23, 0x02	; 2
     648:	88 e1       	ldi	r24, 0x18	; 24
     64a:	8c d0       	rcall	.+280    	; 0x764 <eeprom_writestr>
}
     64c:	df 91       	pop	r29
     64e:	cf 91       	pop	r28
     650:	08 95       	ret

00000652 <update_white>:

void update_white(){
     652:	cf 93       	push	r28
     654:	df 93       	push	r29
     656:	ec ed       	ldi	r30, 0xDC	; 220
     658:	f2 e0       	ldi	r31, 0x02	; 2
     65a:	a9 eb       	ldi	r26, 0xB9	; 185
     65c:	b2 e0       	ldi	r27, 0x02	; 2
     65e:	2c ee       	ldi	r18, 0xEC	; 236
     660:	32 e0       	ldi	r19, 0x02	; 2
     662:	ed 01       	movw	r28, r26
	int i;
	for (i=0; i<8; i++)
	{
		minOfMaxSensorValue[i] = sensor_value[i];
     664:	81 91       	ld	r24, Z+
     666:	91 91       	ld	r25, Z+
     668:	89 93       	st	Y+, r24
     66a:	99 93       	st	Y+, r25
	eeprom_writestr(V_COMPARE_POS, v_compare, 16);
}

void update_white(){
	int i;
	for (i=0; i<8; i++)
     66c:	e2 17       	cp	r30, r18
     66e:	f3 07       	cpc	r31, r19
     670:	c9 f7       	brne	.-14     	; 0x664 <update_white+0x12>
     672:	e9 ea       	ldi	r30, 0xA9	; 169
     674:	f2 e0       	ldi	r31, 0x02	; 2
     676:	c9 e8       	ldi	r28, 0x89	; 137
     678:	d2 e0       	ldi	r29, 0x02	; 2
     67a:	49 eb       	ldi	r20, 0xB9	; 185
     67c:	52 e0       	ldi	r21, 0x02	; 2
	{
		minOfMaxSensorValue[i] = sensor_value[i];
	}
	for (i=0; i<8; i++)
	{
		v_compare[i] = (maxOfMinSensorValue[i] + minOfMaxSensorValue[i])/2;
     67e:	21 91       	ld	r18, Z+
     680:	31 91       	ld	r19, Z+
     682:	8d 91       	ld	r24, X+
     684:	9d 91       	ld	r25, X+
     686:	82 0f       	add	r24, r18
     688:	93 1f       	adc	r25, r19
     68a:	96 95       	lsr	r25
     68c:	87 95       	ror	r24
     68e:	89 93       	st	Y+, r24
     690:	99 93       	st	Y+, r25
	int i;
	for (i=0; i<8; i++)
	{
		minOfMaxSensorValue[i] = sensor_value[i];
	}
	for (i=0; i<8; i++)
     692:	e4 17       	cp	r30, r20
     694:	f5 07       	cpc	r31, r21
     696:	99 f7       	brne	.-26     	; 0x67e <update_white+0x2c>
	{
		v_compare[i] = (maxOfMinSensorValue[i] + minOfMaxSensorValue[i])/2;
	}
	
}
     698:	df 91       	pop	r29
     69a:	cf 91       	pop	r28
     69c:	08 95       	ret

0000069e <update_black>:
void update_black(){
     69e:	cf 93       	push	r28
     6a0:	df 93       	push	r29
     6a2:	ac ed       	ldi	r26, 0xDC	; 220
     6a4:	b2 e0       	ldi	r27, 0x02	; 2
     6a6:	e9 ea       	ldi	r30, 0xA9	; 169
     6a8:	f2 e0       	ldi	r31, 0x02	; 2
     6aa:	2c ee       	ldi	r18, 0xEC	; 236
     6ac:	32 e0       	ldi	r19, 0x02	; 2
     6ae:	ef 01       	movw	r28, r30
	int i;
	for (i=0; i<8; i++)
	{
		maxOfMinSensorValue[i] = sensor_value[i];
     6b0:	8d 91       	ld	r24, X+
     6b2:	9d 91       	ld	r25, X+
     6b4:	89 93       	st	Y+, r24
     6b6:	99 93       	st	Y+, r25
	}
	
}
void update_black(){
	int i;
	for (i=0; i<8; i++)
     6b8:	a2 17       	cp	r26, r18
     6ba:	b3 07       	cpc	r27, r19
     6bc:	c9 f7       	brne	.-14     	; 0x6b0 <update_black+0x12>
     6be:	c9 eb       	ldi	r28, 0xB9	; 185
     6c0:	d2 e0       	ldi	r29, 0x02	; 2
     6c2:	a9 e8       	ldi	r26, 0x89	; 137
     6c4:	b2 e0       	ldi	r27, 0x02	; 2
     6c6:	49 eb       	ldi	r20, 0xB9	; 185
     6c8:	52 e0       	ldi	r21, 0x02	; 2
	{
		maxOfMinSensorValue[i] = sensor_value[i];
	}
	for (i=0; i<8; i++)
	{
		v_compare[i] = (maxOfMinSensorValue[i] + minOfMaxSensorValue[i])/2;
     6ca:	21 91       	ld	r18, Z+
     6cc:	31 91       	ld	r19, Z+
     6ce:	89 91       	ld	r24, Y+
     6d0:	99 91       	ld	r25, Y+
     6d2:	82 0f       	add	r24, r18
     6d4:	93 1f       	adc	r25, r19
     6d6:	96 95       	lsr	r25
     6d8:	87 95       	ror	r24
     6da:	8d 93       	st	X+, r24
     6dc:	9d 93       	st	X+, r25
	int i;
	for (i=0; i<8; i++)
	{
		maxOfMinSensorValue[i] = sensor_value[i];
	}
	for (i=0; i<8; i++)
     6de:	e4 17       	cp	r30, r20
     6e0:	f5 07       	cpc	r31, r21
     6e2:	99 f7       	brne	.-26     	; 0x6ca <update_black+0x2c>
	{
		v_compare[i] = (maxOfMinSensorValue[i] + minOfMaxSensorValue[i])/2;
	}
	
}
     6e4:	df 91       	pop	r29
     6e6:	cf 91       	pop	r28
     6e8:	08 95       	ret

000006ea <read_vcompare>:
/*  Parameter: null                   */
/*  Description: read v_compare[8]    */
/*               from eeprom          */
/*====================================*/
void read_vcompare(){
	eeprom_readstr(V_COMPARE_POS, v_compare, 16);
     6ea:	40 e1       	ldi	r20, 0x10	; 16
     6ec:	69 e8       	ldi	r22, 0x89	; 137
     6ee:	72 e0       	ldi	r23, 0x02	; 2
     6f0:	88 e1       	ldi	r24, 0x18	; 24
     6f2:	60 c0       	rjmp	.+192    	; 0x7b4 <eeprom_readstr>
     6f4:	08 95       	ret

000006f6 <beep_init>:
/*  Parameter: null                   */
/*  Description: configure hardware   */
/*               for beep speaker     */
/*====================================*/
void beep_init(){
	BEEP_DDR |= _BV(BEEP_PIN);
     6f6:	24 9a       	sbi	0x04, 4	; 4
	beep_cn = 0;
     6f8:	10 92 ee 02 	sts	0x02EE, r1	; 0x8002ee <beep_cn+0x1>
     6fc:	10 92 ed 02 	sts	0x02ED, r1	; 0x8002ed <beep_cn>
	beep_flag = 0;
     700:	10 92 ec 02 	sts	0x02EC, r1	; 0x8002ec <beep_flag>
     704:	08 95       	ret

00000706 <beep_on>:
/*  Function name: beep_on            */
/*  Parameter: null                   */
/*  Description: speaker on          */
/*====================================*/
void beep_on(){
	BEEP_PORT |= _BV(BEEP_PIN);
     706:	2c 9a       	sbi	0x05, 4	; 5
     708:	08 95       	ret

0000070a <beep_off>:
/*  Function name: beep_off           */
/*  Parameter: null                   */
/*  Description: speaker off          */
/*====================================*/
void beep_off(){
	BEEP_PORT &= ~_BV(BEEP_PIN);
     70a:	2c 98       	cbi	0x05, 4	; 5
     70c:	08 95       	ret

0000070e <beep_mod>:
/*				 This function is	  */
/*				called by interrupt	  */
/* 				timer				  */
/*====================================*/
void beep_mod(){
	if(beep_flag){
     70e:	80 91 ec 02 	lds	r24, 0x02EC	; 0x8002ec <beep_flag>
     712:	88 23       	and	r24, r24
     714:	71 f0       	breq	.+28     	; 0x732 <beep_mod+0x24>
		beep_cn--;
     716:	80 91 ed 02 	lds	r24, 0x02ED	; 0x8002ed <beep_cn>
     71a:	90 91 ee 02 	lds	r25, 0x02EE	; 0x8002ee <beep_cn+0x1>
     71e:	01 97       	sbiw	r24, 0x01	; 1
     720:	90 93 ee 02 	sts	0x02EE, r25	; 0x8002ee <beep_cn+0x1>
     724:	80 93 ed 02 	sts	0x02ED, r24	; 0x8002ed <beep_cn>
		if(beep_cn==0){
     728:	89 2b       	or	r24, r25
     72a:	19 f4       	brne	.+6      	; 0x732 <beep_mod+0x24>
			beep_flag = 0;
     72c:	10 92 ec 02 	sts	0x02EC, r1	; 0x8002ec <beep_flag>
			beep_off();
     730:	ec cf       	rjmp	.-40     	; 0x70a <beep_off>
     732:	08 95       	ret

00000734 <beep_long>:
/*  Parameter: timer                  */
/*  Description: speaker on during    */
/*               "_timer"             */
/*====================================*/
void beep_long(unsigned int _timer){
	beep_cn = _timer/TIMER_DIV;
     734:	90 93 ee 02 	sts	0x02EE, r25	; 0x8002ee <beep_cn+0x1>
     738:	80 93 ed 02 	sts	0x02ED, r24	; 0x8002ed <beep_cn>
	beep_flag = 1;
     73c:	81 e0       	ldi	r24, 0x01	; 1
     73e:	80 93 ec 02 	sts	0x02EC, r24	; 0x8002ec <beep_flag>
	beep_on();
     742:	e1 cf       	rjmp	.-62     	; 0x706 <beep_on>
     744:	08 95       	ret

00000746 <eeprom_writebyte>:
/*  Parameter: uiAddress,ucData       */
/*  Description : write ucData into   */
/*              eeprom at uiAddress   */
/*====================================*/
void eeprom_writebyte(unsigned char uiAddress, unsigned char ucData){
	while(EECR & _BV(EEPE)); 	//Wait for completion of previous write
     746:	f9 99       	sbic	0x1f, 1	; 31
     748:	fe cf       	rjmp	.-4      	; 0x746 <eeprom_writebyte>
	EEAR = uiAddress;			//Set up address and data registers
     74a:	90 e0       	ldi	r25, 0x00	; 0
     74c:	92 bd       	out	0x22, r25	; 34
     74e:	81 bd       	out	0x21, r24	; 33
	EEDR = ucData;
     750:	60 bd       	out	0x20, r22	; 32
	SREG = SREG & DISABLE_INT;			//disable interrup
     752:	8f b7       	in	r24, 0x3f	; 63
     754:	8f 77       	andi	r24, 0x7F	; 127
     756:	8f bf       	out	0x3f, r24	; 63

	asm volatile("sbi %0,%1" :: "I" (_SFR_IO_ADDR(EECR)) , "I" (2));
     758:	fa 9a       	sbi	0x1f, 2	; 31
	asm volatile("sbi %0,%1" :: "I" (_SFR_IO_ADDR(EECR)) , "I" (1));
     75a:	f9 9a       	sbi	0x1f, 1	; 31

	SREG = SREG | ENABLE_INT;			//re-enable interrupt
     75c:	8f b7       	in	r24, 0x3f	; 63
     75e:	80 68       	ori	r24, 0x80	; 128
     760:	8f bf       	out	0x3f, r24	; 63
     762:	08 95       	ret

00000764 <eeprom_writestr>:
/*  Description : write string from   */
/*           *ucData_buff with length */
/*           is "len" into eeprom     */
/*           from uiAddress_start     */
/*====================================*/
void eeprom_writestr(unsigned char uiAddress_start, unsigned char *ucData_buff, unsigned char ucData_len){
     764:	0f 93       	push	r16
     766:	1f 93       	push	r17
     768:	cf 93       	push	r28
     76a:	df 93       	push	r29
	unsigned char i__;
	if(!ucData_buff)return;
     76c:	61 15       	cp	r22, r1
     76e:	71 05       	cpc	r23, r1
     770:	71 f0       	breq	.+28     	; 0x78e <eeprom_writestr+0x2a>
	for(i__=0;i__<ucData_len;i__++){
     772:	44 23       	and	r20, r20
     774:	61 f0       	breq	.+24     	; 0x78e <eeprom_writestr+0x2a>
     776:	c8 2f       	mov	r28, r24
     778:	8b 01       	movw	r16, r22
     77a:	d4 2f       	mov	r29, r20
     77c:	d8 0f       	add	r29, r24
		eeprom_writebyte(uiAddress_start + i__, ucData_buff[i__]);
     77e:	f8 01       	movw	r30, r16
     780:	61 91       	ld	r22, Z+
     782:	8f 01       	movw	r16, r30
     784:	8c 2f       	mov	r24, r28
     786:	df df       	rcall	.-66     	; 0x746 <eeprom_writebyte>
     788:	cf 5f       	subi	r28, 0xFF	; 255
/*           from uiAddress_start     */
/*====================================*/
void eeprom_writestr(unsigned char uiAddress_start, unsigned char *ucData_buff, unsigned char ucData_len){
	unsigned char i__;
	if(!ucData_buff)return;
	for(i__=0;i__<ucData_len;i__++){
     78a:	cd 13       	cpse	r28, r29
     78c:	f8 cf       	rjmp	.-16     	; 0x77e <eeprom_writestr+0x1a>
		eeprom_writebyte(uiAddress_start + i__, ucData_buff[i__]);
	}
}
     78e:	df 91       	pop	r29
     790:	cf 91       	pop	r28
     792:	1f 91       	pop	r17
     794:	0f 91       	pop	r16
     796:	08 95       	ret

00000798 <eeprom_readbyte>:
/*  Parameter: uiAddress,ucData       */
/*  Description : read ucData form    */
/*              eeprom at uiAddress   */
/*====================================*/
unsigned char eeprom_readbyte(unsigned char uiAddress){
	while(EECR & _BV(EEPE)); 	//Wait for completion of previous write
     798:	f9 99       	sbic	0x1f, 1	; 31
     79a:	fe cf       	rjmp	.-4      	; 0x798 <eeprom_readbyte>
	SREG = SREG & 0x7f;			//disable interrup
     79c:	9f b7       	in	r25, 0x3f	; 63
     79e:	9f 77       	andi	r25, 0x7F	; 127
     7a0:	9f bf       	out	0x3f, r25	; 63
	EEAR = uiAddress;			//Set up address register
     7a2:	90 e0       	ldi	r25, 0x00	; 0
     7a4:	92 bd       	out	0x22, r25	; 34
     7a6:	81 bd       	out	0x21, r24	; 33
	EECR |= _BV(EERE);			//Start eeprom read by writing EERE
     7a8:	f8 9a       	sbi	0x1f, 0	; 31
	SREG = SREG | 0x80;			//re-enable interrupt
     7aa:	8f b7       	in	r24, 0x3f	; 63
     7ac:	80 68       	ori	r24, 0x80	; 128
     7ae:	8f bf       	out	0x3f, r24	; 63
	return EEDR;				//Return data from data register
     7b0:	80 b5       	in	r24, 0x20	; 32
}
     7b2:	08 95       	ret

000007b4 <eeprom_readstr>:
/*  Description : read string from    */
/*           *ucData_buff with length */
/*           is "len" from eeprom     */
/*           at uiAddress_start       */
/*====================================*/
void eeprom_readstr(unsigned char uiAddress_start, unsigned char *ucData_buff, unsigned char ucData_len){
     7b4:	0f 93       	push	r16
     7b6:	1f 93       	push	r17
     7b8:	cf 93       	push	r28
     7ba:	df 93       	push	r29
     7bc:	c8 2f       	mov	r28, r24
     7be:	d4 2f       	mov	r29, r20
	unsigned char i__;
	if(!ucData_buff)
     7c0:	61 15       	cp	r22, r1
     7c2:	71 05       	cpc	r23, r1
     7c4:	39 f4       	brne	.+14     	; 0x7d4 <eeprom_readstr+0x20>
		ucData_buff = malloc(ucData_len);
     7c6:	84 2f       	mov	r24, r20
     7c8:	90 e0       	ldi	r25, 0x00	; 0
     7ca:	0e 94 9f 17 	call	0x2f3e	; 0x2f3e <malloc>
     7ce:	bc 01       	movw	r22, r24
	if(!ucData_buff)return;
     7d0:	89 2b       	or	r24, r25
     7d2:	61 f0       	breq	.+24     	; 0x7ec <eeprom_readstr+0x38>
	for(i__=0;i__<ucData_len;i__++){
     7d4:	dd 23       	and	r29, r29
     7d6:	51 f0       	breq	.+20     	; 0x7ec <eeprom_readstr+0x38>
     7d8:	8b 01       	movw	r16, r22
     7da:	dc 0f       	add	r29, r28
		*ucData_buff++ = eeprom_readbyte(uiAddress_start + i__);
     7dc:	8c 2f       	mov	r24, r28
     7de:	dc df       	rcall	.-72     	; 0x798 <eeprom_readbyte>
     7e0:	f8 01       	movw	r30, r16
     7e2:	81 93       	st	Z+, r24
     7e4:	8f 01       	movw	r16, r30
     7e6:	cf 5f       	subi	r28, 0xFF	; 255
void eeprom_readstr(unsigned char uiAddress_start, unsigned char *ucData_buff, unsigned char ucData_len){
	unsigned char i__;
	if(!ucData_buff)
		ucData_buff = malloc(ucData_len);
	if(!ucData_buff)return;
	for(i__=0;i__<ucData_len;i__++){
     7e8:	cd 13       	cpse	r28, r29
     7ea:	f8 cf       	rjmp	.-16     	; 0x7dc <eeprom_readstr+0x28>
		*ucData_buff++ = eeprom_readbyte(uiAddress_start + i__);
	}
}
     7ec:	df 91       	pop	r29
     7ee:	cf 91       	pop	r28
     7f0:	1f 91       	pop	r17
     7f2:	0f 91       	pop	r16
     7f4:	08 95       	ret

000007f6 <encoder_init>:
}

void reset_distance()
{
	distance1 = 0;
	distance2 = 0;
     7f6:	80 ea       	ldi	r24, 0xA0	; 160
     7f8:	80 93 69 00 	sts	0x0069, r24	; 0x800069 <__TEXT_REGION_LENGTH__+0x7c0069>
     7fc:	10 92 6a 00 	sts	0x006A, r1	; 0x80006a <__TEXT_REGION_LENGTH__+0x7c006a>
     800:	8c e0       	ldi	r24, 0x0C	; 12
     802:	8d bb       	out	0x1d, r24	; 29
     804:	8c bb       	out	0x1c, r24	; 28
     806:	8a b1       	in	r24, 0x0a	; 10
     808:	83 7f       	andi	r24, 0xF3	; 243
     80a:	8a b9       	out	0x0a, r24	; 10
     80c:	8e b1       	in	r24, 0x0e	; 14
     80e:	8c 60       	ori	r24, 0x0C	; 12
     810:	8e b9       	out	0x0e, r24	; 14
     812:	10 92 f0 02 	sts	0x02F0, r1	; 0x8002f0 <distance1+0x1>
     816:	10 92 ef 02 	sts	0x02EF, r1	; 0x8002ef <distance1>
     81a:	10 92 f1 02 	sts	0x02F1, r1	; 0x8002f1 <vantoc1>
     81e:	10 92 f3 02 	sts	0x02F3, r1	; 0x8002f3 <distance2+0x1>
     822:	10 92 f2 02 	sts	0x02F2, r1	; 0x8002f2 <distance2>
     826:	10 92 f4 02 	sts	0x02F4, r1	; 0x8002f4 <vantoc2>
     82a:	08 95       	ret

0000082c <__vector_3>:
}

//External interrupt 6 service routine
ISR(INT2_vect)
{		
     82c:	1f 92       	push	r1
     82e:	0f 92       	push	r0
     830:	0f b6       	in	r0, 0x3f	; 63
     832:	0f 92       	push	r0
     834:	11 24       	eor	r1, r1
     836:	8f 93       	push	r24
     838:	9f 93       	push	r25
		distance1 ++;
     83a:	80 91 ef 02 	lds	r24, 0x02EF	; 0x8002ef <distance1>
     83e:	90 91 f0 02 	lds	r25, 0x02F0	; 0x8002f0 <distance1+0x1>
     842:	01 96       	adiw	r24, 0x01	; 1
     844:	90 93 f0 02 	sts	0x02F0, r25	; 0x8002f0 <distance1+0x1>
     848:	80 93 ef 02 	sts	0x02EF, r24	; 0x8002ef <distance1>

}
     84c:	9f 91       	pop	r25
     84e:	8f 91       	pop	r24
     850:	0f 90       	pop	r0
     852:	0f be       	out	0x3f, r0	; 63
     854:	0f 90       	pop	r0
     856:	1f 90       	pop	r1
     858:	18 95       	reti

0000085a <__vector_4>:
//External interrupt 7 service routine
ISR(INT3_vect)
{
     85a:	1f 92       	push	r1
     85c:	0f 92       	push	r0
     85e:	0f b6       	in	r0, 0x3f	; 63
     860:	0f 92       	push	r0
     862:	11 24       	eor	r1, r1
     864:	8f 93       	push	r24
     866:	9f 93       	push	r25

		distance2 ++;
     868:	80 91 f2 02 	lds	r24, 0x02F2	; 0x8002f2 <distance2>
     86c:	90 91 f3 02 	lds	r25, 0x02F3	; 0x8002f3 <distance2+0x1>
     870:	01 96       	adiw	r24, 0x01	; 1
     872:	90 93 f3 02 	sts	0x02F3, r25	; 0x8002f3 <distance2+0x1>
     876:	80 93 f2 02 	sts	0x02F2, r24	; 0x8002f2 <distance2>
}
     87a:	9f 91       	pop	r25
     87c:	8f 91       	pop	r24
     87e:	0f 90       	pop	r0
     880:	0f be       	out	0x3f, r0	; 63
     882:	0f 90       	pop	r0
     884:	1f 90       	pop	r1
     886:	18 95       	reti

00000888 <handle_init>:
/*                  Servo motor       */
/*====================================*/
unsigned int handle_center = 1500;
void handle_init(){

	DDRB  |=  _BV(PB5);
     888:	25 9a       	sbi	0x04, 5	; 4
// Timer1 Overflow Interrupt: Off
// Input Capture Interrupt: Off
// Compare A Match Interrupt: Off
// Compare B Match Interrupt: Off
// Compare C Match Interrupt: Off
TCCR1A=(1<<COM1A1) | (0<<COM1A0) | (0<<COM1B1) | (0<<COM1B0) | (0<<COM1C1) | (0<<COM1C0) | (0<<WGM11) | (0<<WGM10);
     88a:	80 e8       	ldi	r24, 0x80	; 128
     88c:	80 93 80 00 	sts	0x0080, r24	; 0x800080 <__TEXT_REGION_LENGTH__+0x7c0080>
TCCR1B=(0<<ICNC1) | (0<<ICES1) | (1<<WGM13) | (0<<WGM12) | (0<<CS12) | (1<<CS11) | (0<<CS10);
     890:	82 e1       	ldi	r24, 0x12	; 18
     892:	80 93 81 00 	sts	0x0081, r24	; 0x800081 <__TEXT_REGION_LENGTH__+0x7c0081>
TCNT1H=0x00;
     896:	10 92 85 00 	sts	0x0085, r1	; 0x800085 <__TEXT_REGION_LENGTH__+0x7c0085>
TCNT1L=0x00;
     89a:	10 92 84 00 	sts	0x0084, r1	; 0x800084 <__TEXT_REGION_LENGTH__+0x7c0084>
ICR1H=0x13;
     89e:	83 e1       	ldi	r24, 0x13	; 19
     8a0:	80 93 87 00 	sts	0x0087, r24	; 0x800087 <__TEXT_REGION_LENGTH__+0x7c0087>
ICR1L=0x88;
     8a4:	88 e8       	ldi	r24, 0x88	; 136
     8a6:	80 93 86 00 	sts	0x0086, r24	; 0x800086 <__TEXT_REGION_LENGTH__+0x7c0086>
OCR1AH=0x05;
     8aa:	85 e0       	ldi	r24, 0x05	; 5
     8ac:	80 93 89 00 	sts	0x0089, r24	; 0x800089 <__TEXT_REGION_LENGTH__+0x7c0089>
OCR1AL=0xDC;
     8b0:	8c ed       	ldi	r24, 0xDC	; 220
     8b2:	80 93 88 00 	sts	0x0088, r24	; 0x800088 <__TEXT_REGION_LENGTH__+0x7c0088>
OCR1BH=0x00;
     8b6:	10 92 8b 00 	sts	0x008B, r1	; 0x80008b <__TEXT_REGION_LENGTH__+0x7c008b>
OCR1BL=0x00;
     8ba:	10 92 8a 00 	sts	0x008A, r1	; 0x80008a <__TEXT_REGION_LENGTH__+0x7c008a>
OCR1CH=0x00;
     8be:	10 92 8d 00 	sts	0x008D, r1	; 0x80008d <__TEXT_REGION_LENGTH__+0x7c008d>
OCR1CL=0x00;
     8c2:	10 92 8c 00 	sts	0x008C, r1	; 0x80008c <__TEXT_REGION_LENGTH__+0x7c008c>
     8c6:	08 95       	ret

000008c8 <handle>:
/*  Parameter: _angle                 */
/*  Description: used to control Servo*/
/*               to turn to "_angle"  */
/*====================================*/
void handle(int _angle){
	RC_ANGLE = handle_center - HANDLE_STEP * _angle;
     8c8:	26 ef       	ldi	r18, 0xF6	; 246
     8ca:	ac 01       	movw	r20, r24
     8cc:	24 03       	mulsu	r18, r20
     8ce:	c0 01       	movw	r24, r0
     8d0:	25 9f       	mul	r18, r21
     8d2:	90 0d       	add	r25, r0
     8d4:	11 24       	eor	r1, r1
     8d6:	20 91 06 02 	lds	r18, 0x0206	; 0x800206 <handle_center>
     8da:	30 91 07 02 	lds	r19, 0x0207	; 0x800207 <handle_center+0x1>
     8de:	82 0f       	add	r24, r18
     8e0:	93 1f       	adc	r25, r19
     8e2:	90 93 89 00 	sts	0x0089, r25	; 0x800089 <__TEXT_REGION_LENGTH__+0x7c0089>
     8e6:	80 93 88 00 	sts	0x0088, r24	; 0x800088 <__TEXT_REGION_LENGTH__+0x7c0088>
     8ea:	08 95       	ret

000008ec <handleMicro>:
}
void handleMicro(int _angle){
	RC_ANGLE = handle_center - _angle;
     8ec:	20 91 06 02 	lds	r18, 0x0206	; 0x800206 <handle_center>
     8f0:	30 91 07 02 	lds	r19, 0x0207	; 0x800207 <handle_center+0x1>
     8f4:	28 1b       	sub	r18, r24
     8f6:	39 0b       	sbc	r19, r25
     8f8:	30 93 89 00 	sts	0x0089, r19	; 0x800089 <__TEXT_REGION_LENGTH__+0x7c0089>
     8fc:	20 93 88 00 	sts	0x0088, r18	; 0x800088 <__TEXT_REGION_LENGTH__+0x7c0088>
     900:	08 95       	ret

00000902 <save_handle_center>:
}
void save_handle_center ()
{
	eeprom_writebyte (HANDLE_CENTER_POS, 	handle_center);			//low byte
     902:	60 91 06 02 	lds	r22, 0x0206	; 0x800206 <handle_center>
     906:	88 e2       	ldi	r24, 0x28	; 40
     908:	1e df       	rcall	.-452    	; 0x746 <eeprom_writebyte>
	eeprom_writebyte (HANDLE_CENTER_POS+1, 	handle_center>>8);		//hight byte
     90a:	60 91 07 02 	lds	r22, 0x0207	; 0x800207 <handle_center+0x1>
     90e:	89 e2       	ldi	r24, 0x29	; 41
     910:	1a cf       	rjmp	.-460    	; 0x746 <eeprom_writebyte>
     912:	08 95       	ret

00000914 <read_handle_center>:
}
void read_handle_center ()
{
	handle_center = eeprom_readbyte (HANDLE_CENTER_POS+1);
     914:	89 e2       	ldi	r24, 0x29	; 41
     916:	40 df       	rcall	.-384    	; 0x798 <eeprom_readbyte>
	handle_center <<= 8;
     918:	10 92 06 02 	sts	0x0206, r1	; 0x800206 <handle_center>
     91c:	80 93 07 02 	sts	0x0207, r24	; 0x800207 <handle_center+0x1>
	handle_center = handle_center + eeprom_readbyte (HANDLE_CENTER_POS);
     920:	88 e2       	ldi	r24, 0x28	; 40
     922:	3a df       	rcall	.-396    	; 0x798 <eeprom_readbyte>
     924:	20 91 06 02 	lds	r18, 0x0206	; 0x800206 <handle_center>
     928:	30 91 07 02 	lds	r19, 0x0207	; 0x800207 <handle_center+0x1>
     92c:	a9 01       	movw	r20, r18
     92e:	48 0f       	add	r20, r24
     930:	51 1d       	adc	r21, r1
     932:	ca 01       	movw	r24, r20
     934:	50 93 07 02 	sts	0x0207, r21	; 0x800207 <handle_center+0x1>
     938:	40 93 06 02 	sts	0x0206, r20	; 0x800206 <handle_center>
	if (handle_center < 700)
     93c:	8c 3b       	cpi	r24, 0xBC	; 188
     93e:	52 e0       	ldi	r21, 0x02	; 2
     940:	95 07       	cpc	r25, r21
     942:	38 f4       	brcc	.+14     	; 0x952 <read_handle_center+0x3e>
		handle_center = 1500;
     944:	8c ed       	ldi	r24, 0xDC	; 220
     946:	95 e0       	ldi	r25, 0x05	; 5
     948:	90 93 07 02 	sts	0x0207, r25	; 0x800207 <handle_center+0x1>
     94c:	80 93 06 02 	sts	0x0206, r24	; 0x800206 <handle_center>
     950:	08 95       	ret
	if (handle_center > 2300)
     952:	8d 3f       	cpi	r24, 0xFD	; 253
     954:	98 40       	sbci	r25, 0x08	; 8
     956:	30 f0       	brcs	.+12     	; 0x964 <read_handle_center+0x50>
		handle_center = 1500;
     958:	8c ed       	ldi	r24, 0xDC	; 220
     95a:	95 e0       	ldi	r25, 0x05	; 5
     95c:	90 93 07 02 	sts	0x0207, r25	; 0x800207 <handle_center+0x1>
     960:	80 93 06 02 	sts	0x0206, r24	; 0x800206 <handle_center>
     964:	08 95       	ret

00000966 <input_init>:
/*               for input function   */
/*              2. Dipswitch, push    */
/*                 button             */
/*====================================*/
void input_init(){
	BUTTON_DIR  &= ~(_BV(KEY0_PIN) | _BV(KEY1_PIN) | _BV(KEY2_PIN) | _BV(KEY3_PIN));
     966:	a1 e0       	ldi	r26, 0x01	; 1
     968:	b1 e0       	ldi	r27, 0x01	; 1
     96a:	8c 91       	ld	r24, X
     96c:	80 7f       	andi	r24, 0xF0	; 240
     96e:	8c 93       	st	X, r24
	BUTTON_PORT |= _BV(KEY0_PIN) | _BV(KEY1_PIN) | _BV(KEY2_PIN) | _BV(KEY3_PIN);			// 4 push button on MCU Circuit
     970:	e2 e0       	ldi	r30, 0x02	; 2
     972:	f1 e0       	ldi	r31, 0x01	; 1
     974:	80 81       	ld	r24, Z
     976:	8f 60       	ori	r24, 0x0F	; 15
     978:	80 83       	st	Z, r24
	DIPSW_DIR  &= ~(_BV(SW0_PIN) | _BV(SW1_PIN) | _BV(SW2_PIN) | _BV(SW3_PIN));
     97a:	8c 91       	ld	r24, X
     97c:	8f 70       	andi	r24, 0x0F	; 15
     97e:	8c 93       	st	X, r24
	DIPSW_PORT |= _BV(SW0_PIN) | _BV(SW1_PIN) | _BV(SW2_PIN) | _BV(SW3_PIN);				// dip switch 4 on MCU Circuit
     980:	80 81       	ld	r24, Z
     982:	80 6f       	ori	r24, 0xF0	; 240
     984:	80 83       	st	Z, r24
	//DDRE  &= ~_BV(PE2);
//	DDRE  &= ~_BV(GATE_SENSOR_PIN);
//	PORTE |= _BV(GATE_SENSOR_PIN);		// sensor to recognize gate
	

	key1 = key2 = key0 = key_input = 0x0f;
     986:	8f e0       	ldi	r24, 0x0F	; 15
     988:	80 93 fa 02 	sts	0x02FA, r24	; 0x8002fa <key_input>
     98c:	80 93 fc 02 	sts	0x02FC, r24	; 0x8002fc <key0>
     990:	80 93 00 03 	sts	0x0300, r24	; 0x800300 <key2>
     994:	80 93 fd 02 	sts	0x02FD, r24	; 0x8002fd <key1>
	dipsw1 = dipsw2 = dipsw0 = dipsw_input = 0xf0;
     998:	80 ef       	ldi	r24, 0xF0	; 240
     99a:	80 93 01 03 	sts	0x0301, r24	; 0x800301 <dipsw_input>
     99e:	80 93 f8 02 	sts	0x02F8, r24	; 0x8002f8 <dipsw0>
     9a2:	80 93 ff 02 	sts	0x02FF, r24	; 0x8002ff <dipsw2>
     9a6:	80 93 f9 02 	sts	0x02F9, r24	; 0x8002f9 <dipsw1>
     9aa:	08 95       	ret

000009ac <update_input>:
/*             button                 */
/*====================================*/
void update_input(){
	unsigned char _temp;

	key2 = key1;
     9ac:	40 91 fd 02 	lds	r20, 0x02FD	; 0x8002fd <key1>
     9b0:	40 93 00 03 	sts	0x0300, r20	; 0x800300 <key2>
	key1 = key0;
     9b4:	90 91 fc 02 	lds	r25, 0x02FC	; 0x8002fc <key0>
     9b8:	90 93 fd 02 	sts	0x02FD, r25	; 0x8002fd <key1>
	dipsw2  = dipsw1;
     9bc:	50 91 f9 02 	lds	r21, 0x02F9	; 0x8002f9 <dipsw1>
     9c0:	50 93 ff 02 	sts	0x02FF, r21	; 0x8002ff <dipsw2>
	dipsw1  = dipsw0;
     9c4:	20 91 f8 02 	lds	r18, 0x02F8	; 0x8002f8 <dipsw0>
     9c8:	20 93 f9 02 	sts	0x02F9, r18	; 0x8002f9 <dipsw1>

	_temp = PINH;
     9cc:	80 91 00 01 	lds	r24, 0x0100	; 0x800100 <__TEXT_REGION_LENGTH__+0x7c0100>
	dipsw0  = _temp & SW_MASK;
     9d0:	38 2f       	mov	r19, r24
     9d2:	30 7f       	andi	r19, 0xF0	; 240
     9d4:	30 93 f8 02 	sts	0x02F8, r19	; 0x8002f8 <dipsw0>
	key0 = _temp & KEY_MASK;
     9d8:	8f 70       	andi	r24, 0x0F	; 15
     9da:	80 93 fc 02 	sts	0x02FC, r24	; 0x8002fc <key0>

	if((dipsw0==dipsw1)&&(dipsw1==dipsw2))
     9de:	23 13       	cpse	r18, r19
     9e0:	04 c0       	rjmp	.+8      	; 0x9ea <update_input+0x3e>
     9e2:	52 13       	cpse	r21, r18
     9e4:	02 c0       	rjmp	.+4      	; 0x9ea <update_input+0x3e>
		dipsw_input = dipsw0;
     9e6:	50 93 01 03 	sts	0x0301, r21	; 0x800301 <dipsw_input>

  	if ((key0 == key1) && (key1 == key2)){
     9ea:	98 13       	cpse	r25, r24
     9ec:	04 c0       	rjmp	.+8      	; 0x9f6 <update_input+0x4a>
     9ee:	49 13       	cpse	r20, r25
     9f0:	02 c0       	rjmp	.+4      	; 0x9f6 <update_input+0x4a>
		key_input = key0;
     9f2:	40 93 fa 02 	sts	0x02FA, r20	; 0x8002fa <key_input>
     9f6:	08 95       	ret

000009f8 <get_key>:
/*  Description: get state of push    */
/*         button on MCU circuit      */
/*		   _key_id is KEY0, KEY1, KEY2*/
/*			or KEY3					  */
/*====================================*/
unsigned char get_key(unsigned char _key_id){
     9f8:	20 91 fa 02 	lds	r18, 0x02FA	; 0x8002fa <key_input>
     9fc:	30 e0       	ldi	r19, 0x00	; 0
     9fe:	a9 01       	movw	r20, r18
     a00:	02 c0       	rjmp	.+4      	; 0xa06 <get_key+0xe>
     a02:	55 95       	asr	r21
     a04:	47 95       	ror	r20
     a06:	8a 95       	dec	r24
     a08:	e2 f7       	brpl	.-8      	; 0xa02 <get_key+0xa>
     a0a:	ca 01       	movw	r24, r20
     a0c:	51 e0       	ldi	r21, 0x01	; 1
     a0e:	85 27       	eor	r24, r21
	if(key_input & _BV(_key_id))
		return 0;
	return 1;
}
     a10:	81 70       	andi	r24, 0x01	; 1
     a12:	08 95       	ret

00000a14 <get_dipsw>:
/*  Return value: unsigned char       */
/*  Description: get state of         */
/*                          dipswitch */
/*====================================*/
unsigned char get_dipsw(){
	return (dipsw_input>>4);
     a14:	80 91 01 03 	lds	r24, 0x0301	; 0x800301 <dipsw_input>
}
     a18:	82 95       	swap	r24
     a1a:	8f 70       	andi	r24, 0x0F	; 15
     a1c:	08 95       	ret

00000a1e <getGateSensor>:
/*               sensor               */
/*====================================*/
unsigned char getGateSensor(){
	
	return gatesensorMaskut;
}
     a1e:	80 91 f6 02 	lds	r24, 0x02F6	; 0x8002f6 <gatesensorMaskut>
     a22:	08 95       	ret

00000a24 <LCD_Enable>:
//	LCD_PutDec(minute);
	LCD_PutChar(':');
	LCD_PutD(((second)%100/10));
	LCD_PutD((((second)%100)%10));
//	LCD_PutDec(second);
}
     a24:	47 9a       	sbi	0x08, 7	; 8
     a26:	80 e1       	ldi	r24, 0x10	; 16
     a28:	8a 95       	dec	r24
     a2a:	f1 f7       	brne	.-4      	; 0xa28 <LCD_Enable+0x4>
     a2c:	47 98       	cbi	0x08, 7	; 8
     a2e:	87 e5       	ldi	r24, 0x57	; 87
     a30:	92 e0       	ldi	r25, 0x02	; 2
     a32:	01 97       	sbiw	r24, 0x01	; 1
     a34:	f1 f7       	brne	.-4      	; 0xa32 <LCD_Enable+0xe>
     a36:	00 c0       	rjmp	.+0      	; 0xa38 <LCD_Enable+0x14>
     a38:	00 00       	nop
     a3a:	08 95       	ret

00000a3c <LCD_Send4Bit>:
     a3c:	98 b1       	in	r25, 0x08	; 8
     a3e:	8f 70       	andi	r24, 0x0F	; 15
     a40:	90 7f       	andi	r25, 0xF0	; 240
     a42:	89 2b       	or	r24, r25
     a44:	88 b9       	out	0x08, r24	; 8
     a46:	08 95       	ret

00000a48 <LCD_SendData>:
     a48:	cf 93       	push	r28
     a4a:	c8 2f       	mov	r28, r24
     a4c:	82 95       	swap	r24
     a4e:	8f 70       	andi	r24, 0x0F	; 15
     a50:	f5 df       	rcall	.-22     	; 0xa3c <LCD_Send4Bit>
     a52:	e8 df       	rcall	.-48     	; 0xa24 <LCD_Enable>
     a54:	8c 2f       	mov	r24, r28
     a56:	f2 df       	rcall	.-28     	; 0xa3c <LCD_Send4Bit>
     a58:	e5 df       	rcall	.-54     	; 0xa24 <LCD_Enable>
     a5a:	cf 91       	pop	r28
     a5c:	08 95       	ret

00000a5e <LCD_SendCommand>:
     a5e:	cf 93       	push	r28
     a60:	c8 2f       	mov	r28, r24
     a62:	45 98       	cbi	0x08, 5	; 8
     a64:	82 95       	swap	r24
     a66:	8f 70       	andi	r24, 0x0F	; 15
     a68:	e9 df       	rcall	.-46     	; 0xa3c <LCD_Send4Bit>
     a6a:	dc df       	rcall	.-72     	; 0xa24 <LCD_Enable>
     a6c:	8c 2f       	mov	r24, r28
     a6e:	e6 df       	rcall	.-52     	; 0xa3c <LCD_Send4Bit>
     a70:	d9 df       	rcall	.-78     	; 0xa24 <LCD_Enable>
     a72:	45 9a       	sbi	0x08, 5	; 8
     a74:	cf 91       	pop	r28
     a76:	08 95       	ret

00000a78 <LCD_Gotoxy>:
     a78:	45 98       	cbi	0x08, 5	; 8
     a7a:	61 11       	cpse	r22, r1
     a7c:	02 c0       	rjmp	.+4      	; 0xa82 <LCD_Gotoxy+0xa>
     a7e:	80 58       	subi	r24, 0x80	; 128
     a80:	01 c0       	rjmp	.+2      	; 0xa84 <LCD_Gotoxy+0xc>
     a82:	80 54       	subi	r24, 0x40	; 64
     a84:	ef ed       	ldi	r30, 0xDF	; 223
     a86:	fe e2       	ldi	r31, 0x2E	; 46
     a88:	31 97       	sbiw	r30, 0x01	; 1
     a8a:	f1 f7       	brne	.-4      	; 0xa88 <LCD_Gotoxy+0x10>
     a8c:	00 c0       	rjmp	.+0      	; 0xa8e <LCD_Gotoxy+0x16>
     a8e:	00 00       	nop
     a90:	e6 df       	rcall	.-52     	; 0xa5e <LCD_SendCommand>
     a92:	8f e9       	ldi	r24, 0x9F	; 159
     a94:	9f e0       	ldi	r25, 0x0F	; 15
     a96:	01 97       	sbiw	r24, 0x01	; 1
     a98:	f1 f7       	brne	.-4      	; 0xa96 <LCD_Gotoxy+0x1e>
     a9a:	00 c0       	rjmp	.+0      	; 0xa9c <LCD_Gotoxy+0x24>
     a9c:	00 00       	nop
     a9e:	08 95       	ret

00000aa0 <LCD_Clr>:
     aa0:	81 e0       	ldi	r24, 0x01	; 1
     aa2:	dd df       	rcall	.-70     	; 0xa5e <LCD_SendCommand>
     aa4:	8f e3       	ldi	r24, 0x3F	; 63
     aa6:	9c e9       	ldi	r25, 0x9C	; 156
     aa8:	01 97       	sbiw	r24, 0x01	; 1
     aaa:	f1 f7       	brne	.-4      	; 0xaa8 <LCD_Clr+0x8>
     aac:	00 c0       	rjmp	.+0      	; 0xaae <LCD_Clr+0xe>
     aae:	00 00       	nop
     ab0:	08 95       	ret

00000ab2 <LCD_Init>:
     ab2:	87 b1       	in	r24, 0x07	; 7
     ab4:	8f 60       	ori	r24, 0x0F	; 15
     ab6:	87 b9       	out	0x07, r24	; 7
     ab8:	87 b1       	in	r24, 0x07	; 7
     aba:	80 6a       	ori	r24, 0xA0	; 160
     abc:	87 b9       	out	0x07, r24	; 7
     abe:	3e 9a       	sbi	0x07, 6	; 7
     ac0:	88 b1       	in	r24, 0x08	; 8
     ac2:	80 7f       	andi	r24, 0xF0	; 240
     ac4:	88 b9       	out	0x08, r24	; 8
     ac6:	2f ef       	ldi	r18, 0xFF	; 255
     ac8:	89 ef       	ldi	r24, 0xF9	; 249
     aca:	90 e0       	ldi	r25, 0x00	; 0
     acc:	21 50       	subi	r18, 0x01	; 1
     ace:	80 40       	sbci	r24, 0x00	; 0
     ad0:	90 40       	sbci	r25, 0x00	; 0
     ad2:	e1 f7       	brne	.-8      	; 0xacc <LCD_Init+0x1a>
     ad4:	00 c0       	rjmp	.+0      	; 0xad6 <LCD_Init+0x24>
     ad6:	00 00       	nop
     ad8:	45 98       	cbi	0x08, 5	; 8
     ada:	8f e1       	ldi	r24, 0x1F	; 31
     adc:	9e e4       	ldi	r25, 0x4E	; 78
     ade:	01 97       	sbiw	r24, 0x01	; 1
     ae0:	f1 f7       	brne	.-4      	; 0xade <LCD_Init+0x2c>
     ae2:	00 c0       	rjmp	.+0      	; 0xae4 <LCD_Init+0x32>
     ae4:	00 00       	nop
     ae6:	46 98       	cbi	0x08, 6	; 8
     ae8:	8f e1       	ldi	r24, 0x1F	; 31
     aea:	9e e4       	ldi	r25, 0x4E	; 78
     aec:	01 97       	sbiw	r24, 0x01	; 1
     aee:	f1 f7       	brne	.-4      	; 0xaec <LCD_Init+0x3a>
     af0:	00 c0       	rjmp	.+0      	; 0xaf2 <LCD_Init+0x40>
     af2:	00 00       	nop
     af4:	83 e0       	ldi	r24, 0x03	; 3
     af6:	b3 df       	rcall	.-154    	; 0xa5e <LCD_SendCommand>
     af8:	8f e3       	ldi	r24, 0x3F	; 63
     afa:	9c e9       	ldi	r25, 0x9C	; 156
     afc:	01 97       	sbiw	r24, 0x01	; 1
     afe:	f1 f7       	brne	.-4      	; 0xafc <LCD_Init+0x4a>
     b00:	00 c0       	rjmp	.+0      	; 0xb02 <LCD_Init+0x50>
     b02:	00 00       	nop
     b04:	8f df       	rcall	.-226    	; 0xa24 <LCD_Enable>
     b06:	8f e3       	ldi	r24, 0x3F	; 63
     b08:	9c e9       	ldi	r25, 0x9C	; 156
     b0a:	01 97       	sbiw	r24, 0x01	; 1
     b0c:	f1 f7       	brne	.-4      	; 0xb0a <LCD_Init+0x58>
     b0e:	00 c0       	rjmp	.+0      	; 0xb10 <LCD_Init+0x5e>
     b10:	00 00       	nop
     b12:	88 df       	rcall	.-240    	; 0xa24 <LCD_Enable>
     b14:	8f e3       	ldi	r24, 0x3F	; 63
     b16:	9c e9       	ldi	r25, 0x9C	; 156
     b18:	01 97       	sbiw	r24, 0x01	; 1
     b1a:	f1 f7       	brne	.-4      	; 0xb18 <LCD_Init+0x66>
     b1c:	00 c0       	rjmp	.+0      	; 0xb1e <LCD_Init+0x6c>
     b1e:	00 00       	nop
     b20:	81 df       	rcall	.-254    	; 0xa24 <LCD_Enable>
     b22:	8f e3       	ldi	r24, 0x3F	; 63
     b24:	9c e9       	ldi	r25, 0x9C	; 156
     b26:	01 97       	sbiw	r24, 0x01	; 1
     b28:	f1 f7       	brne	.-4      	; 0xb26 <LCD_Init+0x74>
     b2a:	00 c0       	rjmp	.+0      	; 0xb2c <LCD_Init+0x7a>
     b2c:	00 00       	nop
     b2e:	82 e0       	ldi	r24, 0x02	; 2
     b30:	96 df       	rcall	.-212    	; 0xa5e <LCD_SendCommand>
     b32:	8f e3       	ldi	r24, 0x3F	; 63
     b34:	9c e9       	ldi	r25, 0x9C	; 156
     b36:	01 97       	sbiw	r24, 0x01	; 1
     b38:	f1 f7       	brne	.-4      	; 0xb36 <LCD_Init+0x84>
     b3a:	00 c0       	rjmp	.+0      	; 0xb3c <LCD_Init+0x8a>
     b3c:	00 00       	nop
     b3e:	88 e2       	ldi	r24, 0x28	; 40
     b40:	83 df       	rcall	.-250    	; 0xa48 <LCD_SendData>
     b42:	8f e3       	ldi	r24, 0x3F	; 63
     b44:	9c e9       	ldi	r25, 0x9C	; 156
     b46:	01 97       	sbiw	r24, 0x01	; 1
     b48:	f1 f7       	brne	.-4      	; 0xb46 <LCD_Init+0x94>
     b4a:	00 c0       	rjmp	.+0      	; 0xb4c <LCD_Init+0x9a>
     b4c:	00 00       	nop
     b4e:	8c e0       	ldi	r24, 0x0C	; 12
     b50:	86 df       	rcall	.-244    	; 0xa5e <LCD_SendCommand>
     b52:	8f e3       	ldi	r24, 0x3F	; 63
     b54:	9c e9       	ldi	r25, 0x9C	; 156
     b56:	01 97       	sbiw	r24, 0x01	; 1
     b58:	f1 f7       	brne	.-4      	; 0xb56 <LCD_Init+0xa4>
     b5a:	00 c0       	rjmp	.+0      	; 0xb5c <LCD_Init+0xaa>
     b5c:	00 00       	nop
     b5e:	86 e0       	ldi	r24, 0x06	; 6
     b60:	7e df       	rcall	.-260    	; 0xa5e <LCD_SendCommand>
     b62:	8f e3       	ldi	r24, 0x3F	; 63
     b64:	9c e9       	ldi	r25, 0x9C	; 156
     b66:	01 97       	sbiw	r24, 0x01	; 1
     b68:	f1 f7       	brne	.-4      	; 0xb66 <LCD_Init+0xb4>
     b6a:	00 c0       	rjmp	.+0      	; 0xb6c <LCD_Init+0xba>
     b6c:	00 00       	nop
     b6e:	98 df       	rcall	.-208    	; 0xaa0 <LCD_Clr>
     b70:	60 e0       	ldi	r22, 0x00	; 0
     b72:	80 e0       	ldi	r24, 0x00	; 0
     b74:	81 cf       	rjmp	.-254    	; 0xa78 <LCD_Gotoxy>
     b76:	08 95       	ret

00000b78 <LCD_PutD>:
     b78:	80 5d       	subi	r24, 0xD0	; 208
     b7a:	66 cf       	rjmp	.-308    	; 0xa48 <LCD_SendData>
     b7c:	08 95       	ret

00000b7e <LCD_Puts>:
// 		s++;
// 	}
// }

void LCD_Puts(char *s)
{
     b7e:	cf 93       	push	r28
     b80:	df 93       	push	r29
     b82:	ec 01       	movw	r28, r24
	LCD_RS_PORT |= _BV(LCD_RS);
     b84:	45 9a       	sbi	0x08, 5	; 8
	while(*s)
     b86:	88 81       	ld	r24, Y
     b88:	88 23       	and	r24, r24
     b8a:	29 f0       	breq	.+10     	; 0xb96 <LCD_Puts+0x18>
     b8c:	21 96       	adiw	r28, 0x01	; 1
	{
		LCD_SendData(*s);
     b8e:	5c df       	rcall	.-328    	; 0xa48 <LCD_SendData>
// }

void LCD_Puts(char *s)
{
	LCD_RS_PORT |= _BV(LCD_RS);
	while(*s)
     b90:	89 91       	ld	r24, Y+
     b92:	81 11       	cpse	r24, r1
     b94:	fc cf       	rjmp	.-8      	; 0xb8e <LCD_Puts+0x10>
	{
		LCD_SendData(*s);
		s=s+1;
	}
	LCD_RS_PORT &= ~_BV(LCD_RS);
     b96:	45 98       	cbi	0x08, 5	; 8
}
     b98:	df 91       	pop	r29
     b9a:	cf 91       	pop	r28
     b9c:	08 95       	ret

00000b9e <LCD_PutDec>:
			
		}
}

void LCD_PutDec(unsigned int Data)
{
     b9e:	0f 93       	push	r16
     ba0:	1f 93       	push	r17
     ba2:	cf 93       	push	r28
     ba4:	df 93       	push	r29
     ba6:	ac 01       	movw	r20, r24
	if (Data < 10)
     ba8:	8a 30       	cpi	r24, 0x0A	; 10
     baa:	91 05       	cpc	r25, r1
     bac:	08 f0       	brcs	.+2      	; 0xbb0 <LCD_PutDec+0x12>
     bae:	69 c0       	rjmp	.+210    	; 0xc82 <LCD_PutDec+0xe4>
	{
		LCD_PutD((((Data%10000)%1000)%100)%10);
     bb0:	9c 01       	movw	r18, r24
     bb2:	32 95       	swap	r19
     bb4:	22 95       	swap	r18
     bb6:	2f 70       	andi	r18, 0x0F	; 15
     bb8:	23 27       	eor	r18, r19
     bba:	3f 70       	andi	r19, 0x0F	; 15
     bbc:	23 27       	eor	r18, r19
     bbe:	a7 e4       	ldi	r26, 0x47	; 71
     bc0:	b3 e0       	ldi	r27, 0x03	; 3
     bc2:	0e 94 7c 17 	call	0x2ef8	; 0x2ef8 <__umulhisi3>
     bc6:	96 95       	lsr	r25
     bc8:	87 95       	ror	r24
     bca:	96 95       	lsr	r25
     bcc:	87 95       	ror	r24
     bce:	96 95       	lsr	r25
     bd0:	87 95       	ror	r24
     bd2:	60 e1       	ldi	r22, 0x10	; 16
     bd4:	77 e2       	ldi	r23, 0x27	; 39
     bd6:	86 9f       	mul	r24, r22
     bd8:	90 01       	movw	r18, r0
     bda:	87 9f       	mul	r24, r23
     bdc:	30 0d       	add	r19, r0
     bde:	96 9f       	mul	r25, r22
     be0:	30 0d       	add	r19, r0
     be2:	11 24       	eor	r1, r1
     be4:	42 1b       	sub	r20, r18
     be6:	53 0b       	sbc	r21, r19
     be8:	9a 01       	movw	r18, r20
     bea:	36 95       	lsr	r19
     bec:	27 95       	ror	r18
     bee:	36 95       	lsr	r19
     bf0:	27 95       	ror	r18
     bf2:	36 95       	lsr	r19
     bf4:	27 95       	ror	r18
     bf6:	a5 ec       	ldi	r26, 0xC5	; 197
     bf8:	b0 e2       	ldi	r27, 0x20	; 32
     bfa:	0e 94 7c 17 	call	0x2ef8	; 0x2ef8 <__umulhisi3>
     bfe:	92 95       	swap	r25
     c00:	82 95       	swap	r24
     c02:	8f 70       	andi	r24, 0x0F	; 15
     c04:	89 27       	eor	r24, r25
     c06:	9f 70       	andi	r25, 0x0F	; 15
     c08:	89 27       	eor	r24, r25
     c0a:	68 ee       	ldi	r22, 0xE8	; 232
     c0c:	73 e0       	ldi	r23, 0x03	; 3
     c0e:	86 9f       	mul	r24, r22
     c10:	90 01       	movw	r18, r0
     c12:	87 9f       	mul	r24, r23
     c14:	30 0d       	add	r19, r0
     c16:	96 9f       	mul	r25, r22
     c18:	30 0d       	add	r19, r0
     c1a:	11 24       	eor	r1, r1
     c1c:	42 1b       	sub	r20, r18
     c1e:	53 0b       	sbc	r21, r19
     c20:	9a 01       	movw	r18, r20
     c22:	36 95       	lsr	r19
     c24:	27 95       	ror	r18
     c26:	36 95       	lsr	r19
     c28:	27 95       	ror	r18
     c2a:	ab e7       	ldi	r26, 0x7B	; 123
     c2c:	b4 e1       	ldi	r27, 0x14	; 20
     c2e:	0e 94 7c 17 	call	0x2ef8	; 0x2ef8 <__umulhisi3>
     c32:	96 95       	lsr	r25
     c34:	87 95       	ror	r24
     c36:	64 e6       	ldi	r22, 0x64	; 100
     c38:	68 9f       	mul	r22, r24
     c3a:	90 01       	movw	r18, r0
     c3c:	69 9f       	mul	r22, r25
     c3e:	30 0d       	add	r19, r0
     c40:	11 24       	eor	r1, r1
     c42:	42 1b       	sub	r20, r18
     c44:	53 0b       	sbc	r21, r19
     c46:	9a 01       	movw	r18, r20
     c48:	ad ec       	ldi	r26, 0xCD	; 205
     c4a:	bc ec       	ldi	r27, 0xCC	; 204
     c4c:	0e 94 7c 17 	call	0x2ef8	; 0x2ef8 <__umulhisi3>
     c50:	96 95       	lsr	r25
     c52:	87 95       	ror	r24
     c54:	96 95       	lsr	r25
     c56:	87 95       	ror	r24
     c58:	96 95       	lsr	r25
     c5a:	87 95       	ror	r24
     c5c:	9c 01       	movw	r18, r24
     c5e:	22 0f       	add	r18, r18
     c60:	33 1f       	adc	r19, r19
     c62:	88 0f       	add	r24, r24
     c64:	99 1f       	adc	r25, r25
     c66:	88 0f       	add	r24, r24
     c68:	99 1f       	adc	r25, r25
     c6a:	88 0f       	add	r24, r24
     c6c:	99 1f       	adc	r25, r25
     c6e:	82 0f       	add	r24, r18
     c70:	93 1f       	adc	r25, r19
     c72:	24 2f       	mov	r18, r20
     c74:	28 1b       	sub	r18, r24
     c76:	82 2f       	mov	r24, r18
     c78:	7f df       	rcall	.-258    	; 0xb78 <LCD_PutD>
		LCD_Puts("  ");
     c7a:	89 e0       	ldi	r24, 0x09	; 9
     c7c:	92 e0       	ldi	r25, 0x02	; 2
     c7e:	7f df       	rcall	.-258    	; 0xb7e <LCD_Puts>
     c80:	e2 c0       	rjmp	.+452    	; 0xe46 <LCD_PutDec+0x2a8>
	}
	else if (Data < 100)
     c82:	84 36       	cpi	r24, 0x64	; 100
     c84:	91 05       	cpc	r25, r1
     c86:	08 f0       	brcs	.+2      	; 0xc8a <LCD_PutDec+0xec>
     c88:	6d c0       	rjmp	.+218    	; 0xd64 <LCD_PutDec+0x1c6>
	{
			
		LCD_PutD(((Data%10000)%1000)%100/10);
     c8a:	9c 01       	movw	r18, r24
     c8c:	32 95       	swap	r19
     c8e:	22 95       	swap	r18
     c90:	2f 70       	andi	r18, 0x0F	; 15
     c92:	23 27       	eor	r18, r19
     c94:	3f 70       	andi	r19, 0x0F	; 15
     c96:	23 27       	eor	r18, r19
     c98:	a7 e4       	ldi	r26, 0x47	; 71
     c9a:	b3 e0       	ldi	r27, 0x03	; 3
     c9c:	0e 94 7c 17 	call	0x2ef8	; 0x2ef8 <__umulhisi3>
     ca0:	96 95       	lsr	r25
     ca2:	87 95       	ror	r24
     ca4:	96 95       	lsr	r25
     ca6:	87 95       	ror	r24
     ca8:	96 95       	lsr	r25
     caa:	87 95       	ror	r24
     cac:	60 e1       	ldi	r22, 0x10	; 16
     cae:	77 e2       	ldi	r23, 0x27	; 39
     cb0:	86 9f       	mul	r24, r22
     cb2:	90 01       	movw	r18, r0
     cb4:	87 9f       	mul	r24, r23
     cb6:	30 0d       	add	r19, r0
     cb8:	96 9f       	mul	r25, r22
     cba:	30 0d       	add	r19, r0
     cbc:	11 24       	eor	r1, r1
     cbe:	42 1b       	sub	r20, r18
     cc0:	53 0b       	sbc	r21, r19
     cc2:	9a 01       	movw	r18, r20
     cc4:	36 95       	lsr	r19
     cc6:	27 95       	ror	r18
     cc8:	36 95       	lsr	r19
     cca:	27 95       	ror	r18
     ccc:	36 95       	lsr	r19
     cce:	27 95       	ror	r18
     cd0:	a5 ec       	ldi	r26, 0xC5	; 197
     cd2:	b0 e2       	ldi	r27, 0x20	; 32
     cd4:	0e 94 7c 17 	call	0x2ef8	; 0x2ef8 <__umulhisi3>
     cd8:	92 95       	swap	r25
     cda:	82 95       	swap	r24
     cdc:	8f 70       	andi	r24, 0x0F	; 15
     cde:	89 27       	eor	r24, r25
     ce0:	9f 70       	andi	r25, 0x0F	; 15
     ce2:	89 27       	eor	r24, r25
     ce4:	68 ee       	ldi	r22, 0xE8	; 232
     ce6:	73 e0       	ldi	r23, 0x03	; 3
     ce8:	86 9f       	mul	r24, r22
     cea:	90 01       	movw	r18, r0
     cec:	87 9f       	mul	r24, r23
     cee:	30 0d       	add	r19, r0
     cf0:	96 9f       	mul	r25, r22
     cf2:	30 0d       	add	r19, r0
     cf4:	11 24       	eor	r1, r1
     cf6:	42 1b       	sub	r20, r18
     cf8:	53 0b       	sbc	r21, r19
     cfa:	9a 01       	movw	r18, r20
     cfc:	36 95       	lsr	r19
     cfe:	27 95       	ror	r18
     d00:	36 95       	lsr	r19
     d02:	27 95       	ror	r18
     d04:	ab e7       	ldi	r26, 0x7B	; 123
     d06:	b4 e1       	ldi	r27, 0x14	; 20
     d08:	0e 94 7c 17 	call	0x2ef8	; 0x2ef8 <__umulhisi3>
     d0c:	8c 01       	movw	r16, r24
     d0e:	16 95       	lsr	r17
     d10:	07 95       	ror	r16
     d12:	24 e6       	ldi	r18, 0x64	; 100
     d14:	20 9f       	mul	r18, r16
     d16:	c0 01       	movw	r24, r0
     d18:	21 9f       	mul	r18, r17
     d1a:	90 0d       	add	r25, r0
     d1c:	11 24       	eor	r1, r1
     d1e:	8a 01       	movw	r16, r20
     d20:	08 1b       	sub	r16, r24
     d22:	19 0b       	sbc	r17, r25
     d24:	98 01       	movw	r18, r16
     d26:	ad ec       	ldi	r26, 0xCD	; 205
     d28:	bc ec       	ldi	r27, 0xCC	; 204
     d2a:	0e 94 7c 17 	call	0x2ef8	; 0x2ef8 <__umulhisi3>
     d2e:	ec 01       	movw	r28, r24
     d30:	d6 95       	lsr	r29
     d32:	c7 95       	ror	r28
     d34:	d6 95       	lsr	r29
     d36:	c7 95       	ror	r28
     d38:	d6 95       	lsr	r29
     d3a:	c7 95       	ror	r28
     d3c:	8c 2f       	mov	r24, r28
     d3e:	1c df       	rcall	.-456    	; 0xb78 <LCD_PutD>
		LCD_PutD((((Data%10000)%1000)%100)%10);
     d40:	ce 01       	movw	r24, r28
     d42:	88 0f       	add	r24, r24
     d44:	99 1f       	adc	r25, r25
     d46:	cc 0f       	add	r28, r28
     d48:	dd 1f       	adc	r29, r29
     d4a:	cc 0f       	add	r28, r28
     d4c:	dd 1f       	adc	r29, r29
     d4e:	cc 0f       	add	r28, r28
     d50:	dd 1f       	adc	r29, r29
     d52:	c8 0f       	add	r28, r24
     d54:	d9 1f       	adc	r29, r25
     d56:	80 2f       	mov	r24, r16
     d58:	8c 1b       	sub	r24, r28
		LCD_Puts(" ");
     d5a:	0e df       	rcall	.-484    	; 0xb78 <LCD_PutD>
     d5c:	8a e0       	ldi	r24, 0x0A	; 10
     d5e:	92 e0       	ldi	r25, 0x02	; 2
     d60:	0e df       	rcall	.-484    	; 0xb7e <LCD_Puts>
     d62:	71 c0       	rjmp	.+226    	; 0xe46 <LCD_PutDec+0x2a8>
	}
	else if (Data < 1000)
     d64:	88 3e       	cpi	r24, 0xE8	; 232
     d66:	23 e0       	ldi	r18, 0x03	; 3
     d68:	92 07       	cpc	r25, r18
     d6a:	08 f0       	brcs	.+2      	; 0xd6e <LCD_PutDec+0x1d0>
     d6c:	6c c0       	rjmp	.+216    	; 0xe46 <LCD_PutDec+0x2a8>
	{	
		LCD_PutD(((Data%10000)%1000)/100);
     d6e:	9c 01       	movw	r18, r24
     d70:	32 95       	swap	r19
     d72:	22 95       	swap	r18
     d74:	2f 70       	andi	r18, 0x0F	; 15
     d76:	23 27       	eor	r18, r19
     d78:	3f 70       	andi	r19, 0x0F	; 15
     d7a:	23 27       	eor	r18, r19
     d7c:	a7 e4       	ldi	r26, 0x47	; 71
     d7e:	b3 e0       	ldi	r27, 0x03	; 3
     d80:	0e 94 7c 17 	call	0x2ef8	; 0x2ef8 <__umulhisi3>
     d84:	96 95       	lsr	r25
     d86:	87 95       	ror	r24
     d88:	96 95       	lsr	r25
     d8a:	87 95       	ror	r24
     d8c:	96 95       	lsr	r25
     d8e:	87 95       	ror	r24
     d90:	60 e1       	ldi	r22, 0x10	; 16
     d92:	77 e2       	ldi	r23, 0x27	; 39
     d94:	86 9f       	mul	r24, r22
     d96:	90 01       	movw	r18, r0
     d98:	87 9f       	mul	r24, r23
     d9a:	30 0d       	add	r19, r0
     d9c:	96 9f       	mul	r25, r22
     d9e:	30 0d       	add	r19, r0
     da0:	11 24       	eor	r1, r1
     da2:	42 1b       	sub	r20, r18
     da4:	53 0b       	sbc	r21, r19
     da6:	9a 01       	movw	r18, r20
     da8:	36 95       	lsr	r19
     daa:	27 95       	ror	r18
     dac:	36 95       	lsr	r19
     dae:	27 95       	ror	r18
     db0:	36 95       	lsr	r19
     db2:	27 95       	ror	r18
     db4:	a5 ec       	ldi	r26, 0xC5	; 197
     db6:	b0 e2       	ldi	r27, 0x20	; 32
     db8:	0e 94 7c 17 	call	0x2ef8	; 0x2ef8 <__umulhisi3>
     dbc:	8c 01       	movw	r16, r24
     dbe:	12 95       	swap	r17
     dc0:	02 95       	swap	r16
     dc2:	0f 70       	andi	r16, 0x0F	; 15
     dc4:	01 27       	eor	r16, r17
     dc6:	1f 70       	andi	r17, 0x0F	; 15
     dc8:	01 27       	eor	r16, r17
     dca:	28 ee       	ldi	r18, 0xE8	; 232
     dcc:	33 e0       	ldi	r19, 0x03	; 3
     dce:	02 9f       	mul	r16, r18
     dd0:	c0 01       	movw	r24, r0
     dd2:	03 9f       	mul	r16, r19
     dd4:	90 0d       	add	r25, r0
     dd6:	12 9f       	mul	r17, r18
     dd8:	90 0d       	add	r25, r0
     dda:	11 24       	eor	r1, r1
     ddc:	8a 01       	movw	r16, r20
     dde:	08 1b       	sub	r16, r24
     de0:	19 0b       	sbc	r17, r25
     de2:	98 01       	movw	r18, r16
     de4:	36 95       	lsr	r19
     de6:	27 95       	ror	r18
     de8:	36 95       	lsr	r19
     dea:	27 95       	ror	r18
     dec:	ab e7       	ldi	r26, 0x7B	; 123
     dee:	b4 e1       	ldi	r27, 0x14	; 20
     df0:	0e 94 7c 17 	call	0x2ef8	; 0x2ef8 <__umulhisi3>
     df4:	ec 01       	movw	r28, r24
     df6:	d6 95       	lsr	r29
     df8:	c7 95       	ror	r28
     dfa:	8c 2f       	mov	r24, r28
     dfc:	bd de       	rcall	.-646    	; 0xb78 <LCD_PutD>
		LCD_PutD(((Data%10000)%1000)%100/10);
     dfe:	24 e6       	ldi	r18, 0x64	; 100
     e00:	2c 9f       	mul	r18, r28
     e02:	c0 01       	movw	r24, r0
     e04:	2d 9f       	mul	r18, r29
     e06:	90 0d       	add	r25, r0
     e08:	11 24       	eor	r1, r1
     e0a:	08 1b       	sub	r16, r24
     e0c:	19 0b       	sbc	r17, r25
     e0e:	98 01       	movw	r18, r16
     e10:	ad ec       	ldi	r26, 0xCD	; 205
     e12:	bc ec       	ldi	r27, 0xCC	; 204
     e14:	0e 94 7c 17 	call	0x2ef8	; 0x2ef8 <__umulhisi3>
     e18:	ec 01       	movw	r28, r24
     e1a:	d6 95       	lsr	r29
     e1c:	c7 95       	ror	r28
     e1e:	d6 95       	lsr	r29
     e20:	c7 95       	ror	r28
     e22:	d6 95       	lsr	r29
     e24:	c7 95       	ror	r28
     e26:	8c 2f       	mov	r24, r28
     e28:	a7 de       	rcall	.-690    	; 0xb78 <LCD_PutD>
		LCD_PutD((((Data%10000)%1000)%100)%10);
     e2a:	ce 01       	movw	r24, r28
     e2c:	88 0f       	add	r24, r24
     e2e:	99 1f       	adc	r25, r25
     e30:	cc 0f       	add	r28, r28
     e32:	dd 1f       	adc	r29, r29
     e34:	cc 0f       	add	r28, r28
     e36:	dd 1f       	adc	r29, r29
     e38:	cc 0f       	add	r28, r28
     e3a:	dd 1f       	adc	r29, r29
     e3c:	c8 0f       	add	r28, r24
     e3e:	d9 1f       	adc	r29, r25
     e40:	80 2f       	mov	r24, r16
     e42:	8c 1b       	sub	r24, r28
     e44:	99 de       	rcall	.-718    	; 0xb78 <LCD_PutD>
// 		LCD_PutD(((Data%10000)%1000)/100);
// 		LCD_PutD(((Data%10000)%1000)%100/10);
// 		LCD_PutD((((Data%10000)%1000)%100)%10);
// 	}		
	
}
     e46:	df 91       	pop	r29
     e48:	cf 91       	pop	r28
     e4a:	1f 91       	pop	r17
     e4c:	0f 91       	pop	r16
     e4e:	08 95       	ret

00000e50 <led_init>:
/*  Parameter: null                   */
/*  Description: configure hardware   */
/*               for led function     */
/*====================================*/
void led_init(){
	LED_DATA_DIR = 0xFF;
     e50:	8f ef       	ldi	r24, 0xFF	; 255
     e52:	81 b9       	out	0x01, r24	; 1
	LED_DATA_PORT = 0xff;
     e54:	82 b9       	out	0x02, r24	; 2
	GRB_DATA_DIR |= 0x38;
     e56:	ea e0       	ldi	r30, 0x0A	; 10
     e58:	f1 e0       	ldi	r31, 0x01	; 1
     e5a:	80 81       	ld	r24, Z
     e5c:	88 63       	ori	r24, 0x38	; 56
     e5e:	80 83       	st	Z, r24
	GRB_DATA_PORT &= 0xc7;
     e60:	eb e0       	ldi	r30, 0x0B	; 11
     e62:	f1 e0       	ldi	r31, 0x01	; 1
     e64:	80 81       	ld	r24, Z
     e66:	87 7c       	andi	r24, 0xC7	; 199
     e68:	80 83       	st	Z, r24
     e6a:	08 95       	ret

00000e6c <led_put>:
/*  Parameter: _val                   */
/*  Description: output _val into led */
/*             module on MCU circuit  */
/*====================================*/
void led_put(unsigned char _val){
	LED_DATA_PORT = ~_val;
     e6c:	80 95       	com	r24
     e6e:	82 b9       	out	0x02, r24	; 2
     e70:	08 95       	ret

00000e72 <RGB>:
}


void RGB(unsigned char redColor,unsigned char greenColor,unsigned char blueColor){
	if (redColor > 0 )
     e72:	88 23       	and	r24, r24
     e74:	31 f0       	breq	.+12     	; 0xe82 <RGB+0x10>
	GRB_DATA_PORT |= 0b00010000;
     e76:	eb e0       	ldi	r30, 0x0B	; 11
     e78:	f1 e0       	ldi	r31, 0x01	; 1
     e7a:	80 81       	ld	r24, Z
     e7c:	80 61       	ori	r24, 0x10	; 16
     e7e:	80 83       	st	Z, r24
     e80:	05 c0       	rjmp	.+10     	; 0xe8c <RGB+0x1a>
	else GRB_DATA_PORT &= 0b11101111;
     e82:	eb e0       	ldi	r30, 0x0B	; 11
     e84:	f1 e0       	ldi	r31, 0x01	; 1
     e86:	80 81       	ld	r24, Z
     e88:	8f 7e       	andi	r24, 0xEF	; 239
     e8a:	80 83       	st	Z, r24
	if (greenColor > 0 )
     e8c:	66 23       	and	r22, r22
     e8e:	31 f0       	breq	.+12     	; 0xe9c <RGB+0x2a>
	GRB_DATA_PORT |= 0b00100000;
     e90:	eb e0       	ldi	r30, 0x0B	; 11
     e92:	f1 e0       	ldi	r31, 0x01	; 1
     e94:	80 81       	ld	r24, Z
     e96:	80 62       	ori	r24, 0x20	; 32
     e98:	80 83       	st	Z, r24
     e9a:	05 c0       	rjmp	.+10     	; 0xea6 <RGB+0x34>
	else GRB_DATA_PORT &= 0b11011111;
     e9c:	eb e0       	ldi	r30, 0x0B	; 11
     e9e:	f1 e0       	ldi	r31, 0x01	; 1
     ea0:	80 81       	ld	r24, Z
     ea2:	8f 7d       	andi	r24, 0xDF	; 223
     ea4:	80 83       	st	Z, r24
	if (blueColor > 0 )
     ea6:	44 23       	and	r20, r20
     ea8:	31 f0       	breq	.+12     	; 0xeb6 <RGB+0x44>
	GRB_DATA_PORT |= 0b00001000;
     eaa:	eb e0       	ldi	r30, 0x0B	; 11
     eac:	f1 e0       	ldi	r31, 0x01	; 1
     eae:	80 81       	ld	r24, Z
     eb0:	88 60       	ori	r24, 0x08	; 8
     eb2:	80 83       	st	Z, r24
     eb4:	08 95       	ret
	else GRB_DATA_PORT &= 0b11110111;
     eb6:	eb e0       	ldi	r30, 0x0B	; 11
     eb8:	f1 e0       	ldi	r31, 0x01	; 1
     eba:	80 81       	ld	r24, Z
     ebc:	87 7f       	andi	r24, 0xF7	; 247
     ebe:	80 83       	st	Z, r24
     ec0:	08 95       	ret

00000ec2 <setup>:
		handleAndSpeed (5,speedRun);
		break;
		case 0x0e://
		case 0x0c://
		case 0x04:
		handleAndSpeed (10,speedRun);
     ec2:	cf 93       	push	r28
     ec4:	df 93       	push	r29
     ec6:	80 e0       	ldi	r24, 0x00	; 0
     ec8:	90 e0       	ldi	r25, 0x00	; 0
     eca:	fe dc       	rcall	.-1540   	; 0x8c8 <handle>
     ecc:	60 e0       	ldi	r22, 0x00	; 0
     ece:	70 e0       	ldi	r23, 0x00	; 0
     ed0:	80 e0       	ldi	r24, 0x00	; 0
     ed2:	90 e0       	ldi	r25, 0x00	; 0
     ed4:	0e 94 f7 14 	call	0x29ee	; 0x29ee <speed>
     ed8:	10 92 50 03 	sts	0x0350, r1	; 0x800350 <cnt1+0x1>
     edc:	10 92 4f 03 	sts	0x034F, r1	; 0x80034f <cnt1>
     ee0:	10 92 4e 03 	sts	0x034E, r1	; 0x80034e <cnt4+0x1>
     ee4:	10 92 4d 03 	sts	0x034D, r1	; 0x80034d <cnt4>
     ee8:	80 e3       	ldi	r24, 0x30	; 48
     eea:	95 e7       	ldi	r25, 0x75	; 117
     eec:	90 93 17 03 	sts	0x0317, r25	; 0x800317 <RunTimer+0x1>
     ef0:	80 93 16 03 	sts	0x0316, r24	; 0x800316 <RunTimer>
     ef4:	10 92 32 03 	sts	0x0332, r1	; 0x800332 <sensorPos>
     ef8:	81 e0       	ldi	r24, 0x01	; 1
     efa:	80 93 33 03 	sts	0x0333, r24	; 0x800333 <straightLine>
     efe:	8a dd       	rcall	.-1260   	; 0xa14 <get_dipsw>
     f00:	90 e0       	ldi	r25, 0x00	; 0
     f02:	fc 01       	movw	r30, r24
     f04:	37 97       	sbiw	r30, 0x07	; 7
     f06:	e9 30       	cpi	r30, 0x09	; 9
     f08:	f1 05       	cpc	r31, r1
     f0a:	08 f0       	brcs	.+2      	; 0xf0e <setup+0x4c>
     f0c:	2d c2       	rjmp	.+1114   	; 0x1368 <__EEPROM_REGION_LENGTH__+0x368>
     f0e:	88 27       	eor	r24, r24
     f10:	ee 58       	subi	r30, 0x8E	; 142
     f12:	ff 4f       	sbci	r31, 0xFF	; 255
     f14:	8f 4f       	sbci	r24, 0xFF	; 255
     f16:	0c 94 74 17 	jmp	0x2ee8	; 0x2ee8 <__tablejump2__>
     f1a:	10 92 31 03 	sts	0x0331, r1	; 0x800331 <speedBrake90+0x1>
     f1e:	10 92 30 03 	sts	0x0330, r1	; 0x800330 <speedBrake90>
     f22:	84 e6       	ldi	r24, 0x64	; 100
     f24:	90 e0       	ldi	r25, 0x00	; 0
     f26:	90 93 2d 03 	sts	0x032D, r25	; 0x80032d <timerBrake90+0x1>
     f2a:	80 93 2c 03 	sts	0x032C, r24	; 0x80032c <timerBrake90>
     f2e:	42 e3       	ldi	r20, 0x32	; 50
     f30:	50 e0       	ldi	r21, 0x00	; 0
     f32:	50 93 07 03 	sts	0x0307, r21	; 0x800307 <speed90+0x1>
     f36:	40 93 06 03 	sts	0x0306, r20	; 0x800306 <speed90>
     f3a:	90 93 11 03 	sts	0x0311, r25	; 0x800311 <speedBoostAfter90+0x1>
     f3e:	80 93 10 03 	sts	0x0310, r24	; 0x800310 <speedBoostAfter90>
     f42:	28 ec       	ldi	r18, 0xC8	; 200
     f44:	30 e0       	ldi	r19, 0x00	; 0
     f46:	30 93 43 03 	sts	0x0343, r19	; 0x800343 <timerBoostAfter90+0x1>
     f4a:	20 93 42 03 	sts	0x0342, r18	; 0x800342 <timerBoostAfter90>
     f4e:	6a e0       	ldi	r22, 0x0A	; 10
     f50:	70 e0       	ldi	r23, 0x00	; 0
     f52:	70 93 27 03 	sts	0x0327, r23	; 0x800327 <angleChangeLanes+0x1>
     f56:	60 93 26 03 	sts	0x0326, r22	; 0x800326 <angleChangeLanes>
     f5a:	10 92 1d 03 	sts	0x031D, r1	; 0x80031d <speedBrakeChangeLanes+0x1>
     f5e:	10 92 1c 03 	sts	0x031C, r1	; 0x80031c <speedBrakeChangeLanes>
     f62:	68 e7       	ldi	r22, 0x78	; 120
     f64:	70 e0       	ldi	r23, 0x00	; 0
     f66:	70 93 0b 03 	sts	0x030B, r23	; 0x80030b <timerBrakeChangeLanes+0x1>
     f6a:	60 93 0a 03 	sts	0x030A, r22	; 0x80030a <timerBrakeChangeLanes>
     f6e:	50 93 23 03 	sts	0x0323, r21	; 0x800323 <speedChangeLanes+0x1>
     f72:	40 93 22 03 	sts	0x0322, r20	; 0x800322 <speedChangeLanes>
     f76:	90 93 2f 03 	sts	0x032F, r25	; 0x80032f <speedBoostAfterChangeLanes+0x1>
     f7a:	80 93 2e 03 	sts	0x032E, r24	; 0x80032e <speedBoostAfterChangeLanes>
     f7e:	30 93 29 03 	sts	0x0329, r19	; 0x800329 <timerBoostAfterChangeLanes+0x1>
     f82:	20 93 28 03 	sts	0x0328, r18	; 0x800328 <timerBoostAfterChangeLanes>
     f86:	8d e2       	ldi	r24, 0x2D	; 45
     f88:	90 e0       	ldi	r25, 0x00	; 0
     f8a:	90 93 1b 03 	sts	0x031B, r25	; 0x80031b <speedRunForward+0x1>
     f8e:	80 93 1a 03 	sts	0x031A, r24	; 0x80031a <speedRunForward>
     f92:	1a c2       	rjmp	.+1076   	; 0x13c8 <__EEPROM_REGION_LENGTH__+0x3c8>
     f94:	10 92 31 03 	sts	0x0331, r1	; 0x800331 <speedBrake90+0x1>
     f98:	10 92 30 03 	sts	0x0330, r1	; 0x800330 <speedBrake90>
     f9c:	24 e6       	ldi	r18, 0x64	; 100
     f9e:	30 e0       	ldi	r19, 0x00	; 0
     fa0:	30 93 2d 03 	sts	0x032D, r19	; 0x80032d <timerBrake90+0x1>
     fa4:	20 93 2c 03 	sts	0x032C, r18	; 0x80032c <timerBrake90>
     fa8:	82 e3       	ldi	r24, 0x32	; 50
     faa:	90 e0       	ldi	r25, 0x00	; 0
     fac:	90 93 07 03 	sts	0x0307, r25	; 0x800307 <speed90+0x1>
     fb0:	80 93 06 03 	sts	0x0306, r24	; 0x800306 <speed90>
     fb4:	30 93 11 03 	sts	0x0311, r19	; 0x800311 <speedBoostAfter90+0x1>
     fb8:	20 93 10 03 	sts	0x0310, r18	; 0x800310 <speedBoostAfter90>
     fbc:	48 ec       	ldi	r20, 0xC8	; 200
     fbe:	50 e0       	ldi	r21, 0x00	; 0
     fc0:	50 93 43 03 	sts	0x0343, r21	; 0x800343 <timerBoostAfter90+0x1>
     fc4:	40 93 42 03 	sts	0x0342, r20	; 0x800342 <timerBoostAfter90>
     fc8:	6a e0       	ldi	r22, 0x0A	; 10
     fca:	70 e0       	ldi	r23, 0x00	; 0
     fcc:	70 93 27 03 	sts	0x0327, r23	; 0x800327 <angleChangeLanes+0x1>
     fd0:	60 93 26 03 	sts	0x0326, r22	; 0x800326 <angleChangeLanes>
     fd4:	10 92 1d 03 	sts	0x031D, r1	; 0x80031d <speedBrakeChangeLanes+0x1>
     fd8:	10 92 1c 03 	sts	0x031C, r1	; 0x80031c <speedBrakeChangeLanes>
     fdc:	68 e7       	ldi	r22, 0x78	; 120
     fde:	70 e0       	ldi	r23, 0x00	; 0
     fe0:	70 93 0b 03 	sts	0x030B, r23	; 0x80030b <timerBrakeChangeLanes+0x1>
     fe4:	60 93 0a 03 	sts	0x030A, r22	; 0x80030a <timerBrakeChangeLanes>
     fe8:	90 93 23 03 	sts	0x0323, r25	; 0x800323 <speedChangeLanes+0x1>
     fec:	80 93 22 03 	sts	0x0322, r24	; 0x800322 <speedChangeLanes>
     ff0:	30 93 2f 03 	sts	0x032F, r19	; 0x80032f <speedBoostAfterChangeLanes+0x1>
     ff4:	20 93 2e 03 	sts	0x032E, r18	; 0x80032e <speedBoostAfterChangeLanes>
     ff8:	50 93 29 03 	sts	0x0329, r21	; 0x800329 <timerBoostAfterChangeLanes+0x1>
     ffc:	40 93 28 03 	sts	0x0328, r20	; 0x800328 <timerBoostAfterChangeLanes>
    1000:	90 93 1b 03 	sts	0x031B, r25	; 0x80031b <speedRunForward+0x1>
    1004:	80 93 1a 03 	sts	0x031A, r24	; 0x80031a <speedRunForward>
    1008:	df c1       	rjmp	.+958    	; 0x13c8 <__EEPROM_REGION_LENGTH__+0x3c8>
    100a:	10 92 31 03 	sts	0x0331, r1	; 0x800331 <speedBrake90+0x1>
    100e:	10 92 30 03 	sts	0x0330, r1	; 0x800330 <speedBrake90>
    1012:	84 e6       	ldi	r24, 0x64	; 100
    1014:	90 e0       	ldi	r25, 0x00	; 0
    1016:	90 93 2d 03 	sts	0x032D, r25	; 0x80032d <timerBrake90+0x1>
    101a:	80 93 2c 03 	sts	0x032C, r24	; 0x80032c <timerBrake90>
    101e:	42 e3       	ldi	r20, 0x32	; 50
    1020:	50 e0       	ldi	r21, 0x00	; 0
    1022:	50 93 07 03 	sts	0x0307, r21	; 0x800307 <speed90+0x1>
    1026:	40 93 06 03 	sts	0x0306, r20	; 0x800306 <speed90>
    102a:	90 93 11 03 	sts	0x0311, r25	; 0x800311 <speedBoostAfter90+0x1>
    102e:	80 93 10 03 	sts	0x0310, r24	; 0x800310 <speedBoostAfter90>
    1032:	28 ec       	ldi	r18, 0xC8	; 200
    1034:	30 e0       	ldi	r19, 0x00	; 0
    1036:	30 93 43 03 	sts	0x0343, r19	; 0x800343 <timerBoostAfter90+0x1>
    103a:	20 93 42 03 	sts	0x0342, r18	; 0x800342 <timerBoostAfter90>
    103e:	6a e0       	ldi	r22, 0x0A	; 10
    1040:	70 e0       	ldi	r23, 0x00	; 0
    1042:	70 93 27 03 	sts	0x0327, r23	; 0x800327 <angleChangeLanes+0x1>
    1046:	60 93 26 03 	sts	0x0326, r22	; 0x800326 <angleChangeLanes>
    104a:	10 92 1d 03 	sts	0x031D, r1	; 0x80031d <speedBrakeChangeLanes+0x1>
    104e:	10 92 1c 03 	sts	0x031C, r1	; 0x80031c <speedBrakeChangeLanes>
    1052:	68 e7       	ldi	r22, 0x78	; 120
    1054:	70 e0       	ldi	r23, 0x00	; 0
    1056:	70 93 0b 03 	sts	0x030B, r23	; 0x80030b <timerBrakeChangeLanes+0x1>
    105a:	60 93 0a 03 	sts	0x030A, r22	; 0x80030a <timerBrakeChangeLanes>
    105e:	50 93 23 03 	sts	0x0323, r21	; 0x800323 <speedChangeLanes+0x1>
    1062:	40 93 22 03 	sts	0x0322, r20	; 0x800322 <speedChangeLanes>
    1066:	90 93 2f 03 	sts	0x032F, r25	; 0x80032f <speedBoostAfterChangeLanes+0x1>
    106a:	80 93 2e 03 	sts	0x032E, r24	; 0x80032e <speedBoostAfterChangeLanes>
    106e:	30 93 29 03 	sts	0x0329, r19	; 0x800329 <timerBoostAfterChangeLanes+0x1>
    1072:	20 93 28 03 	sts	0x0328, r18	; 0x800328 <timerBoostAfterChangeLanes>
    1076:	87 e3       	ldi	r24, 0x37	; 55
    1078:	90 e0       	ldi	r25, 0x00	; 0
    107a:	90 93 1b 03 	sts	0x031B, r25	; 0x80031b <speedRunForward+0x1>
    107e:	80 93 1a 03 	sts	0x031A, r24	; 0x80031a <speedRunForward>
    1082:	a2 c1       	rjmp	.+836    	; 0x13c8 <__EEPROM_REGION_LENGTH__+0x3c8>
    1084:	10 92 31 03 	sts	0x0331, r1	; 0x800331 <speedBrake90+0x1>
    1088:	10 92 30 03 	sts	0x0330, r1	; 0x800330 <speedBrake90>
    108c:	84 e6       	ldi	r24, 0x64	; 100
    108e:	90 e0       	ldi	r25, 0x00	; 0
    1090:	90 93 2d 03 	sts	0x032D, r25	; 0x80032d <timerBrake90+0x1>
    1094:	80 93 2c 03 	sts	0x032C, r24	; 0x80032c <timerBrake90>
    1098:	42 e3       	ldi	r20, 0x32	; 50
    109a:	50 e0       	ldi	r21, 0x00	; 0
    109c:	50 93 07 03 	sts	0x0307, r21	; 0x800307 <speed90+0x1>
    10a0:	40 93 06 03 	sts	0x0306, r20	; 0x800306 <speed90>
    10a4:	90 93 11 03 	sts	0x0311, r25	; 0x800311 <speedBoostAfter90+0x1>
    10a8:	80 93 10 03 	sts	0x0310, r24	; 0x800310 <speedBoostAfter90>
    10ac:	28 ec       	ldi	r18, 0xC8	; 200
    10ae:	30 e0       	ldi	r19, 0x00	; 0
    10b0:	30 93 43 03 	sts	0x0343, r19	; 0x800343 <timerBoostAfter90+0x1>
    10b4:	20 93 42 03 	sts	0x0342, r18	; 0x800342 <timerBoostAfter90>
    10b8:	6a e0       	ldi	r22, 0x0A	; 10
    10ba:	70 e0       	ldi	r23, 0x00	; 0
    10bc:	70 93 27 03 	sts	0x0327, r23	; 0x800327 <angleChangeLanes+0x1>
    10c0:	60 93 26 03 	sts	0x0326, r22	; 0x800326 <angleChangeLanes>
    10c4:	10 92 1d 03 	sts	0x031D, r1	; 0x80031d <speedBrakeChangeLanes+0x1>
    10c8:	10 92 1c 03 	sts	0x031C, r1	; 0x80031c <speedBrakeChangeLanes>
    10cc:	68 e7       	ldi	r22, 0x78	; 120
    10ce:	70 e0       	ldi	r23, 0x00	; 0
    10d0:	70 93 0b 03 	sts	0x030B, r23	; 0x80030b <timerBrakeChangeLanes+0x1>
    10d4:	60 93 0a 03 	sts	0x030A, r22	; 0x80030a <timerBrakeChangeLanes>
    10d8:	50 93 23 03 	sts	0x0323, r21	; 0x800323 <speedChangeLanes+0x1>
    10dc:	40 93 22 03 	sts	0x0322, r20	; 0x800322 <speedChangeLanes>
    10e0:	90 93 2f 03 	sts	0x032F, r25	; 0x80032f <speedBoostAfterChangeLanes+0x1>
    10e4:	80 93 2e 03 	sts	0x032E, r24	; 0x80032e <speedBoostAfterChangeLanes>
    10e8:	30 93 29 03 	sts	0x0329, r19	; 0x800329 <timerBoostAfterChangeLanes+0x1>
    10ec:	20 93 28 03 	sts	0x0328, r18	; 0x800328 <timerBoostAfterChangeLanes>
    10f0:	8c e3       	ldi	r24, 0x3C	; 60
    10f2:	90 e0       	ldi	r25, 0x00	; 0
    10f4:	90 93 1b 03 	sts	0x031B, r25	; 0x80031b <speedRunForward+0x1>
    10f8:	80 93 1a 03 	sts	0x031A, r24	; 0x80031a <speedRunForward>
    10fc:	65 c1       	rjmp	.+714    	; 0x13c8 <__EEPROM_REGION_LENGTH__+0x3c8>
    10fe:	10 92 31 03 	sts	0x0331, r1	; 0x800331 <speedBrake90+0x1>
    1102:	10 92 30 03 	sts	0x0330, r1	; 0x800330 <speedBrake90>
    1106:	84 e6       	ldi	r24, 0x64	; 100
    1108:	90 e0       	ldi	r25, 0x00	; 0
    110a:	90 93 2d 03 	sts	0x032D, r25	; 0x80032d <timerBrake90+0x1>
    110e:	80 93 2c 03 	sts	0x032C, r24	; 0x80032c <timerBrake90>
    1112:	42 e3       	ldi	r20, 0x32	; 50
    1114:	50 e0       	ldi	r21, 0x00	; 0
    1116:	50 93 07 03 	sts	0x0307, r21	; 0x800307 <speed90+0x1>
    111a:	40 93 06 03 	sts	0x0306, r20	; 0x800306 <speed90>
    111e:	90 93 11 03 	sts	0x0311, r25	; 0x800311 <speedBoostAfter90+0x1>
    1122:	80 93 10 03 	sts	0x0310, r24	; 0x800310 <speedBoostAfter90>
    1126:	28 ec       	ldi	r18, 0xC8	; 200
    1128:	30 e0       	ldi	r19, 0x00	; 0
    112a:	30 93 43 03 	sts	0x0343, r19	; 0x800343 <timerBoostAfter90+0x1>
    112e:	20 93 42 03 	sts	0x0342, r18	; 0x800342 <timerBoostAfter90>
    1132:	6a e0       	ldi	r22, 0x0A	; 10
    1134:	70 e0       	ldi	r23, 0x00	; 0
    1136:	70 93 27 03 	sts	0x0327, r23	; 0x800327 <angleChangeLanes+0x1>
    113a:	60 93 26 03 	sts	0x0326, r22	; 0x800326 <angleChangeLanes>
    113e:	10 92 1d 03 	sts	0x031D, r1	; 0x80031d <speedBrakeChangeLanes+0x1>
    1142:	10 92 1c 03 	sts	0x031C, r1	; 0x80031c <speedBrakeChangeLanes>
    1146:	68 e7       	ldi	r22, 0x78	; 120
    1148:	70 e0       	ldi	r23, 0x00	; 0
    114a:	70 93 0b 03 	sts	0x030B, r23	; 0x80030b <timerBrakeChangeLanes+0x1>
    114e:	60 93 0a 03 	sts	0x030A, r22	; 0x80030a <timerBrakeChangeLanes>
    1152:	50 93 23 03 	sts	0x0323, r21	; 0x800323 <speedChangeLanes+0x1>
    1156:	40 93 22 03 	sts	0x0322, r20	; 0x800322 <speedChangeLanes>
    115a:	90 93 2f 03 	sts	0x032F, r25	; 0x80032f <speedBoostAfterChangeLanes+0x1>
    115e:	80 93 2e 03 	sts	0x032E, r24	; 0x80032e <speedBoostAfterChangeLanes>
    1162:	30 93 29 03 	sts	0x0329, r19	; 0x800329 <timerBoostAfterChangeLanes+0x1>
    1166:	20 93 28 03 	sts	0x0328, r18	; 0x800328 <timerBoostAfterChangeLanes>
    116a:	81 e4       	ldi	r24, 0x41	; 65
    116c:	90 e0       	ldi	r25, 0x00	; 0
    116e:	90 93 1b 03 	sts	0x031B, r25	; 0x80031b <speedRunForward+0x1>
    1172:	80 93 1a 03 	sts	0x031A, r24	; 0x80031a <speedRunForward>
    1176:	28 c1       	rjmp	.+592    	; 0x13c8 <__EEPROM_REGION_LENGTH__+0x3c8>
    1178:	10 92 31 03 	sts	0x0331, r1	; 0x800331 <speedBrake90+0x1>
    117c:	10 92 30 03 	sts	0x0330, r1	; 0x800330 <speedBrake90>
    1180:	84 e6       	ldi	r24, 0x64	; 100
    1182:	90 e0       	ldi	r25, 0x00	; 0
    1184:	90 93 2d 03 	sts	0x032D, r25	; 0x80032d <timerBrake90+0x1>
    1188:	80 93 2c 03 	sts	0x032C, r24	; 0x80032c <timerBrake90>
    118c:	42 e3       	ldi	r20, 0x32	; 50
    118e:	50 e0       	ldi	r21, 0x00	; 0
    1190:	50 93 07 03 	sts	0x0307, r21	; 0x800307 <speed90+0x1>
    1194:	40 93 06 03 	sts	0x0306, r20	; 0x800306 <speed90>
    1198:	90 93 11 03 	sts	0x0311, r25	; 0x800311 <speedBoostAfter90+0x1>
    119c:	80 93 10 03 	sts	0x0310, r24	; 0x800310 <speedBoostAfter90>
    11a0:	28 ec       	ldi	r18, 0xC8	; 200
    11a2:	30 e0       	ldi	r19, 0x00	; 0
    11a4:	30 93 43 03 	sts	0x0343, r19	; 0x800343 <timerBoostAfter90+0x1>
    11a8:	20 93 42 03 	sts	0x0342, r18	; 0x800342 <timerBoostAfter90>
    11ac:	6a e0       	ldi	r22, 0x0A	; 10
    11ae:	70 e0       	ldi	r23, 0x00	; 0
    11b0:	70 93 27 03 	sts	0x0327, r23	; 0x800327 <angleChangeLanes+0x1>
    11b4:	60 93 26 03 	sts	0x0326, r22	; 0x800326 <angleChangeLanes>
    11b8:	10 92 1d 03 	sts	0x031D, r1	; 0x80031d <speedBrakeChangeLanes+0x1>
    11bc:	10 92 1c 03 	sts	0x031C, r1	; 0x80031c <speedBrakeChangeLanes>
    11c0:	68 e7       	ldi	r22, 0x78	; 120
    11c2:	70 e0       	ldi	r23, 0x00	; 0
    11c4:	70 93 0b 03 	sts	0x030B, r23	; 0x80030b <timerBrakeChangeLanes+0x1>
    11c8:	60 93 0a 03 	sts	0x030A, r22	; 0x80030a <timerBrakeChangeLanes>
    11cc:	50 93 23 03 	sts	0x0323, r21	; 0x800323 <speedChangeLanes+0x1>
    11d0:	40 93 22 03 	sts	0x0322, r20	; 0x800322 <speedChangeLanes>
    11d4:	90 93 2f 03 	sts	0x032F, r25	; 0x80032f <speedBoostAfterChangeLanes+0x1>
    11d8:	80 93 2e 03 	sts	0x032E, r24	; 0x80032e <speedBoostAfterChangeLanes>
    11dc:	30 93 29 03 	sts	0x0329, r19	; 0x800329 <timerBoostAfterChangeLanes+0x1>
    11e0:	20 93 28 03 	sts	0x0328, r18	; 0x800328 <timerBoostAfterChangeLanes>
    11e4:	86 e4       	ldi	r24, 0x46	; 70
    11e6:	90 e0       	ldi	r25, 0x00	; 0
    11e8:	90 93 1b 03 	sts	0x031B, r25	; 0x80031b <speedRunForward+0x1>
    11ec:	80 93 1a 03 	sts	0x031A, r24	; 0x80031a <speedRunForward>
    11f0:	eb c0       	rjmp	.+470    	; 0x13c8 <__EEPROM_REGION_LENGTH__+0x3c8>
    11f2:	10 92 31 03 	sts	0x0331, r1	; 0x800331 <speedBrake90+0x1>
    11f6:	10 92 30 03 	sts	0x0330, r1	; 0x800330 <speedBrake90>
    11fa:	84 e6       	ldi	r24, 0x64	; 100
    11fc:	90 e0       	ldi	r25, 0x00	; 0
    11fe:	90 93 2d 03 	sts	0x032D, r25	; 0x80032d <timerBrake90+0x1>
    1202:	80 93 2c 03 	sts	0x032C, r24	; 0x80032c <timerBrake90>
    1206:	42 e3       	ldi	r20, 0x32	; 50
    1208:	50 e0       	ldi	r21, 0x00	; 0
    120a:	50 93 07 03 	sts	0x0307, r21	; 0x800307 <speed90+0x1>
    120e:	40 93 06 03 	sts	0x0306, r20	; 0x800306 <speed90>
    1212:	90 93 11 03 	sts	0x0311, r25	; 0x800311 <speedBoostAfter90+0x1>
    1216:	80 93 10 03 	sts	0x0310, r24	; 0x800310 <speedBoostAfter90>
    121a:	28 ec       	ldi	r18, 0xC8	; 200
    121c:	30 e0       	ldi	r19, 0x00	; 0
    121e:	30 93 43 03 	sts	0x0343, r19	; 0x800343 <timerBoostAfter90+0x1>
    1222:	20 93 42 03 	sts	0x0342, r18	; 0x800342 <timerBoostAfter90>
    1226:	6a e0       	ldi	r22, 0x0A	; 10
    1228:	70 e0       	ldi	r23, 0x00	; 0
    122a:	70 93 27 03 	sts	0x0327, r23	; 0x800327 <angleChangeLanes+0x1>
    122e:	60 93 26 03 	sts	0x0326, r22	; 0x800326 <angleChangeLanes>
    1232:	10 92 1d 03 	sts	0x031D, r1	; 0x80031d <speedBrakeChangeLanes+0x1>
    1236:	10 92 1c 03 	sts	0x031C, r1	; 0x80031c <speedBrakeChangeLanes>
    123a:	68 e7       	ldi	r22, 0x78	; 120
    123c:	70 e0       	ldi	r23, 0x00	; 0
    123e:	70 93 0b 03 	sts	0x030B, r23	; 0x80030b <timerBrakeChangeLanes+0x1>
    1242:	60 93 0a 03 	sts	0x030A, r22	; 0x80030a <timerBrakeChangeLanes>
    1246:	50 93 23 03 	sts	0x0323, r21	; 0x800323 <speedChangeLanes+0x1>
    124a:	40 93 22 03 	sts	0x0322, r20	; 0x800322 <speedChangeLanes>
    124e:	90 93 2f 03 	sts	0x032F, r25	; 0x80032f <speedBoostAfterChangeLanes+0x1>
    1252:	80 93 2e 03 	sts	0x032E, r24	; 0x80032e <speedBoostAfterChangeLanes>
    1256:	30 93 29 03 	sts	0x0329, r19	; 0x800329 <timerBoostAfterChangeLanes+0x1>
    125a:	20 93 28 03 	sts	0x0328, r18	; 0x800328 <timerBoostAfterChangeLanes>
    125e:	8b e4       	ldi	r24, 0x4B	; 75
    1260:	90 e0       	ldi	r25, 0x00	; 0
    1262:	90 93 1b 03 	sts	0x031B, r25	; 0x80031b <speedRunForward+0x1>
    1266:	80 93 1a 03 	sts	0x031A, r24	; 0x80031a <speedRunForward>
    126a:	ae c0       	rjmp	.+348    	; 0x13c8 <__EEPROM_REGION_LENGTH__+0x3c8>
    126c:	10 92 31 03 	sts	0x0331, r1	; 0x800331 <speedBrake90+0x1>
    1270:	10 92 30 03 	sts	0x0330, r1	; 0x800330 <speedBrake90>
    1274:	86 e9       	ldi	r24, 0x96	; 150
    1276:	90 e0       	ldi	r25, 0x00	; 0
    1278:	90 93 2d 03 	sts	0x032D, r25	; 0x80032d <timerBrake90+0x1>
    127c:	80 93 2c 03 	sts	0x032C, r24	; 0x80032c <timerBrake90>
    1280:	84 e6       	ldi	r24, 0x64	; 100
    1282:	90 e0       	ldi	r25, 0x00	; 0
    1284:	90 93 07 03 	sts	0x0307, r25	; 0x800307 <speed90+0x1>
    1288:	80 93 06 03 	sts	0x0306, r24	; 0x800306 <speed90>
    128c:	90 93 11 03 	sts	0x0311, r25	; 0x800311 <speedBoostAfter90+0x1>
    1290:	80 93 10 03 	sts	0x0310, r24	; 0x800310 <speedBoostAfter90>
    1294:	28 ec       	ldi	r18, 0xC8	; 200
    1296:	30 e0       	ldi	r19, 0x00	; 0
    1298:	30 93 43 03 	sts	0x0343, r19	; 0x800343 <timerBoostAfter90+0x1>
    129c:	20 93 42 03 	sts	0x0342, r18	; 0x800342 <timerBoostAfter90>
    12a0:	4a e0       	ldi	r20, 0x0A	; 10
    12a2:	50 e0       	ldi	r21, 0x00	; 0
    12a4:	50 93 27 03 	sts	0x0327, r21	; 0x800327 <angleChangeLanes+0x1>
    12a8:	40 93 26 03 	sts	0x0326, r20	; 0x800326 <angleChangeLanes>
    12ac:	10 92 1d 03 	sts	0x031D, r1	; 0x80031d <speedBrakeChangeLanes+0x1>
    12b0:	10 92 1c 03 	sts	0x031C, r1	; 0x80031c <speedBrakeChangeLanes>
    12b4:	48 e7       	ldi	r20, 0x78	; 120
    12b6:	50 e0       	ldi	r21, 0x00	; 0
    12b8:	50 93 0b 03 	sts	0x030B, r21	; 0x80030b <timerBrakeChangeLanes+0x1>
    12bc:	40 93 0a 03 	sts	0x030A, r20	; 0x80030a <timerBrakeChangeLanes>
    12c0:	42 e3       	ldi	r20, 0x32	; 50
    12c2:	50 e0       	ldi	r21, 0x00	; 0
    12c4:	50 93 23 03 	sts	0x0323, r21	; 0x800323 <speedChangeLanes+0x1>
    12c8:	40 93 22 03 	sts	0x0322, r20	; 0x800322 <speedChangeLanes>
    12cc:	90 93 2f 03 	sts	0x032F, r25	; 0x80032f <speedBoostAfterChangeLanes+0x1>
    12d0:	80 93 2e 03 	sts	0x032E, r24	; 0x80032e <speedBoostAfterChangeLanes>
    12d4:	30 93 29 03 	sts	0x0329, r19	; 0x800329 <timerBoostAfterChangeLanes+0x1>
    12d8:	20 93 28 03 	sts	0x0328, r18	; 0x800328 <timerBoostAfterChangeLanes>
    12dc:	80 e5       	ldi	r24, 0x50	; 80
    12de:	90 e0       	ldi	r25, 0x00	; 0
    12e0:	90 93 1b 03 	sts	0x031B, r25	; 0x80031b <speedRunForward+0x1>
    12e4:	80 93 1a 03 	sts	0x031A, r24	; 0x80031a <speedRunForward>
    12e8:	6f c0       	rjmp	.+222    	; 0x13c8 <__EEPROM_REGION_LENGTH__+0x3c8>
    12ea:	10 92 31 03 	sts	0x0331, r1	; 0x800331 <speedBrake90+0x1>
    12ee:	10 92 30 03 	sts	0x0330, r1	; 0x800330 <speedBrake90>
    12f2:	8a e0       	ldi	r24, 0x0A	; 10
    12f4:	90 e0       	ldi	r25, 0x00	; 0
    12f6:	90 93 2d 03 	sts	0x032D, r25	; 0x80032d <timerBrake90+0x1>
    12fa:	80 93 2c 03 	sts	0x032C, r24	; 0x80032c <timerBrake90>
    12fe:	80 e5       	ldi	r24, 0x50	; 80
    1300:	90 e0       	ldi	r25, 0x00	; 0
    1302:	90 93 07 03 	sts	0x0307, r25	; 0x800307 <speed90+0x1>
    1306:	80 93 06 03 	sts	0x0306, r24	; 0x800306 <speed90>
    130a:	88 ec       	ldi	r24, 0xC8	; 200
    130c:	90 e0       	ldi	r25, 0x00	; 0
    130e:	90 93 11 03 	sts	0x0311, r25	; 0x800311 <speedBoostAfter90+0x1>
    1312:	80 93 10 03 	sts	0x0310, r24	; 0x800310 <speedBoostAfter90>
    1316:	24 e6       	ldi	r18, 0x64	; 100
    1318:	30 e0       	ldi	r19, 0x00	; 0
    131a:	30 93 43 03 	sts	0x0343, r19	; 0x800343 <timerBoostAfter90+0x1>
    131e:	20 93 42 03 	sts	0x0342, r18	; 0x800342 <timerBoostAfter90>
    1322:	2f e0       	ldi	r18, 0x0F	; 15
    1324:	30 e0       	ldi	r19, 0x00	; 0
    1326:	30 93 27 03 	sts	0x0327, r19	; 0x800327 <angleChangeLanes+0x1>
    132a:	20 93 26 03 	sts	0x0326, r18	; 0x800326 <angleChangeLanes>
    132e:	10 92 1d 03 	sts	0x031D, r1	; 0x80031d <speedBrakeChangeLanes+0x1>
    1332:	10 92 1c 03 	sts	0x031C, r1	; 0x80031c <speedBrakeChangeLanes>
    1336:	24 e1       	ldi	r18, 0x14	; 20
    1338:	30 e0       	ldi	r19, 0x00	; 0
    133a:	30 93 0b 03 	sts	0x030B, r19	; 0x80030b <timerBrakeChangeLanes+0x1>
    133e:	20 93 0a 03 	sts	0x030A, r18	; 0x80030a <timerBrakeChangeLanes>
    1342:	26 e9       	ldi	r18, 0x96	; 150
    1344:	30 e0       	ldi	r19, 0x00	; 0
    1346:	30 93 23 03 	sts	0x0323, r19	; 0x800323 <speedChangeLanes+0x1>
    134a:	20 93 22 03 	sts	0x0322, r18	; 0x800322 <speedChangeLanes>
    134e:	90 93 2f 03 	sts	0x032F, r25	; 0x80032f <speedBoostAfterChangeLanes+0x1>
    1352:	80 93 2e 03 	sts	0x032E, r24	; 0x80032e <speedBoostAfterChangeLanes>
    1356:	90 93 29 03 	sts	0x0329, r25	; 0x800329 <timerBoostAfterChangeLanes+0x1>
    135a:	80 93 28 03 	sts	0x0328, r24	; 0x800328 <timerBoostAfterChangeLanes>
    135e:	90 93 1b 03 	sts	0x031B, r25	; 0x80031b <speedRunForward+0x1>
    1362:	80 93 1a 03 	sts	0x031A, r24	; 0x80031a <speedRunForward>
    1366:	30 c0       	rjmp	.+96     	; 0x13c8 <__EEPROM_REGION_LENGTH__+0x3c8>
    1368:	10 92 31 03 	sts	0x0331, r1	; 0x800331 <speedBrake90+0x1>
    136c:	10 92 30 03 	sts	0x0330, r1	; 0x800330 <speedBrake90>
    1370:	10 92 2d 03 	sts	0x032D, r1	; 0x80032d <timerBrake90+0x1>
    1374:	10 92 2c 03 	sts	0x032C, r1	; 0x80032c <timerBrake90>
    1378:	10 92 07 03 	sts	0x0307, r1	; 0x800307 <speed90+0x1>
    137c:	10 92 06 03 	sts	0x0306, r1	; 0x800306 <speed90>
    1380:	10 92 11 03 	sts	0x0311, r1	; 0x800311 <speedBoostAfter90+0x1>
    1384:	10 92 10 03 	sts	0x0310, r1	; 0x800310 <speedBoostAfter90>
    1388:	10 92 43 03 	sts	0x0343, r1	; 0x800343 <timerBoostAfter90+0x1>
    138c:	10 92 42 03 	sts	0x0342, r1	; 0x800342 <timerBoostAfter90>
    1390:	10 92 27 03 	sts	0x0327, r1	; 0x800327 <angleChangeLanes+0x1>
    1394:	10 92 26 03 	sts	0x0326, r1	; 0x800326 <angleChangeLanes>
    1398:	10 92 1d 03 	sts	0x031D, r1	; 0x80031d <speedBrakeChangeLanes+0x1>
    139c:	10 92 1c 03 	sts	0x031C, r1	; 0x80031c <speedBrakeChangeLanes>
    13a0:	10 92 0b 03 	sts	0x030B, r1	; 0x80030b <timerBrakeChangeLanes+0x1>
    13a4:	10 92 0a 03 	sts	0x030A, r1	; 0x80030a <timerBrakeChangeLanes>
    13a8:	10 92 23 03 	sts	0x0323, r1	; 0x800323 <speedChangeLanes+0x1>
    13ac:	10 92 22 03 	sts	0x0322, r1	; 0x800322 <speedChangeLanes>
    13b0:	10 92 2f 03 	sts	0x032F, r1	; 0x80032f <speedBoostAfterChangeLanes+0x1>
    13b4:	10 92 2e 03 	sts	0x032E, r1	; 0x80032e <speedBoostAfterChangeLanes>
    13b8:	10 92 29 03 	sts	0x0329, r1	; 0x800329 <timerBoostAfterChangeLanes+0x1>
    13bc:	10 92 28 03 	sts	0x0328, r1	; 0x800328 <timerBoostAfterChangeLanes>
    13c0:	10 92 1b 03 	sts	0x031B, r1	; 0x80031b <speedRunForward+0x1>
    13c4:	10 92 1a 03 	sts	0x031A, r1	; 0x80031a <speedRunForward>
    13c8:	20 91 1a 03 	lds	r18, 0x031A	; 0x80031a <speedRunForward>
    13cc:	30 91 1b 03 	lds	r19, 0x031B	; 0x80031b <speedRunForward+0x1>
    13d0:	30 93 05 03 	sts	0x0305, r19	; 0x800305 <speedRun0+0x1>
    13d4:	20 93 04 03 	sts	0x0304, r18	; 0x800304 <speedRun0>
    13d8:	10 92 39 03 	sts	0x0339, r1	; 0x800339 <angle0+0x1>
    13dc:	10 92 38 03 	sts	0x0338, r1	; 0x800338 <angle0>
    13e0:	30 93 2b 03 	sts	0x032B, r19	; 0x80032b <speedRun1+0x1>
    13e4:	20 93 2a 03 	sts	0x032A, r18	; 0x80032a <speedRun1>
    13e8:	81 e0       	ldi	r24, 0x01	; 1
    13ea:	90 e0       	ldi	r25, 0x00	; 0
    13ec:	90 93 1f 03 	sts	0x031F, r25	; 0x80031f <angle1+0x1>
    13f0:	80 93 1e 03 	sts	0x031E, r24	; 0x80031e <angle1>
    13f4:	30 93 0d 03 	sts	0x030D, r19	; 0x80030d <speedRun2+0x1>
    13f8:	20 93 0c 03 	sts	0x030C, r18	; 0x80030c <speedRun2>
    13fc:	83 e0       	ldi	r24, 0x03	; 3
    13fe:	90 e0       	ldi	r25, 0x00	; 0
    1400:	90 93 25 03 	sts	0x0325, r25	; 0x800325 <angle2+0x1>
    1404:	80 93 24 03 	sts	0x0324, r24	; 0x800324 <angle2>
    1408:	4a e5       	ldi	r20, 0x5A	; 90
    140a:	42 9f       	mul	r20, r18
    140c:	c0 01       	movw	r24, r0
    140e:	43 9f       	mul	r20, r19
    1410:	90 0d       	add	r25, r0
    1412:	11 24       	eor	r1, r1
    1414:	e4 e6       	ldi	r30, 0x64	; 100
    1416:	f0 e0       	ldi	r31, 0x00	; 0
    1418:	bf 01       	movw	r22, r30
    141a:	0e 94 61 17 	call	0x2ec2	; 0x2ec2 <__divmodhi4>
    141e:	70 93 41 03 	sts	0x0341, r23	; 0x800341 <speedRun3+0x1>
    1422:	60 93 40 03 	sts	0x0340, r22	; 0x800340 <speedRun3>
    1426:	87 e0       	ldi	r24, 0x07	; 7
    1428:	90 e0       	ldi	r25, 0x00	; 0
    142a:	90 93 3b 03 	sts	0x033B, r25	; 0x80033b <angle3+0x1>
    142e:	80 93 3a 03 	sts	0x033A, r24	; 0x80033a <angle3>
    1432:	45 e5       	ldi	r20, 0x55	; 85
    1434:	42 9f       	mul	r20, r18
    1436:	c0 01       	movw	r24, r0
    1438:	43 9f       	mul	r20, r19
    143a:	90 0d       	add	r25, r0
    143c:	11 24       	eor	r1, r1
    143e:	bf 01       	movw	r22, r30
    1440:	0e 94 61 17 	call	0x2ec2	; 0x2ec2 <__divmodhi4>
    1444:	70 93 35 03 	sts	0x0335, r23	; 0x800335 <speedRun4+0x1>
    1448:	60 93 34 03 	sts	0x0334, r22	; 0x800334 <speedRun4>
    144c:	cf e0       	ldi	r28, 0x0F	; 15
    144e:	d0 e0       	ldi	r29, 0x00	; 0
    1450:	d0 93 21 03 	sts	0x0321, r29	; 0x800321 <angle4+0x1>
    1454:	c0 93 20 03 	sts	0x0320, r28	; 0x800320 <angle4>
    1458:	40 e5       	ldi	r20, 0x50	; 80
    145a:	42 9f       	mul	r20, r18
    145c:	c0 01       	movw	r24, r0
    145e:	43 9f       	mul	r20, r19
    1460:	90 0d       	add	r25, r0
    1462:	11 24       	eor	r1, r1
    1464:	bf 01       	movw	r22, r30
    1466:	0e 94 61 17 	call	0x2ec2	; 0x2ec2 <__divmodhi4>
    146a:	70 93 13 03 	sts	0x0313, r23	; 0x800313 <speedRun5+0x1>
    146e:	60 93 12 03 	sts	0x0312, r22	; 0x800312 <speedRun5>
    1472:	d0 93 37 03 	sts	0x0337, r29	; 0x800337 <angle5+0x1>
    1476:	c0 93 36 03 	sts	0x0336, r28	; 0x800336 <angle5>
    147a:	4b e4       	ldi	r20, 0x4B	; 75
    147c:	42 9f       	mul	r20, r18
    147e:	c0 01       	movw	r24, r0
    1480:	43 9f       	mul	r20, r19
    1482:	90 0d       	add	r25, r0
    1484:	11 24       	eor	r1, r1
    1486:	bf 01       	movw	r22, r30
    1488:	0e 94 61 17 	call	0x2ec2	; 0x2ec2 <__divmodhi4>
    148c:	70 93 03 03 	sts	0x0303, r23	; 0x800303 <speedRun6+0x1>
    1490:	60 93 02 03 	sts	0x0302, r22	; 0x800302 <speedRun6>
    1494:	c1 e1       	ldi	r28, 0x11	; 17
    1496:	d0 e0       	ldi	r29, 0x00	; 0
    1498:	d0 93 19 03 	sts	0x0319, r29	; 0x800319 <angle6+0x1>
    149c:	c0 93 18 03 	sts	0x0318, r28	; 0x800318 <angle6>
    14a0:	41 e4       	ldi	r20, 0x41	; 65
    14a2:	42 9f       	mul	r20, r18
    14a4:	c0 01       	movw	r24, r0
    14a6:	43 9f       	mul	r20, r19
    14a8:	90 0d       	add	r25, r0
    14aa:	11 24       	eor	r1, r1
    14ac:	bf 01       	movw	r22, r30
    14ae:	0e 94 61 17 	call	0x2ec2	; 0x2ec2 <__divmodhi4>
    14b2:	70 93 3f 03 	sts	0x033F, r23	; 0x80033f <speedRun7+0x1>
    14b6:	60 93 3e 03 	sts	0x033E, r22	; 0x80033e <speedRun7>
    14ba:	d0 93 3d 03 	sts	0x033D, r29	; 0x80033d <angle7+0x1>
    14be:	c0 93 3c 03 	sts	0x033C, r28	; 0x80033c <angle7>
    14c2:	df 91       	pop	r29
    14c4:	cf 91       	pop	r28
    14c6:	08 95       	ret

000014c8 <checkCrossLine>:
    14c8:	90 91 d9 02 	lds	r25, 0x02D9	; 0x8002d9 <sensor>
    14cc:	93 7c       	andi	r25, 0xC3	; 195
    14ce:	81 e0       	ldi	r24, 0x01	; 1
    14d0:	93 3c       	cpi	r25, 0xC3	; 195
    14d2:	09 f0       	breq	.+2      	; 0x14d6 <checkCrossLine+0xe>
    14d4:	80 e0       	ldi	r24, 0x00	; 0
    14d6:	08 95       	ret

000014d8 <checkCrossHalfLine>:
    14d8:	f7 df       	rcall	.-18     	; 0x14c8 <checkCrossLine>
    14da:	81 11       	cpse	r24, r1
    14dc:	0d c0       	rjmp	.+26     	; 0x14f8 <checkCrossHalfLine+0x20>
    14de:	80 91 d9 02 	lds	r24, 0x02D9	; 0x8002d9 <sensor>
    14e2:	98 2f       	mov	r25, r24
    14e4:	98 7f       	andi	r25, 0xF8	; 248
    14e6:	98 3f       	cpi	r25, 0xF8	; 248
    14e8:	49 f0       	breq	.+18     	; 0x14fc <checkCrossHalfLine+0x24>
    14ea:	98 2f       	mov	r25, r24
    14ec:	9f 71       	andi	r25, 0x1F	; 31
    14ee:	81 e0       	ldi	r24, 0x01	; 1
    14f0:	9f 31       	cpi	r25, 0x1F	; 31
    14f2:	29 f0       	breq	.+10     	; 0x14fe <checkCrossHalfLine+0x26>
    14f4:	80 e0       	ldi	r24, 0x00	; 0
    14f6:	08 95       	ret
    14f8:	80 e0       	ldi	r24, 0x00	; 0
    14fa:	08 95       	ret
    14fc:	82 e0       	ldi	r24, 0x02	; 2
    14fe:	08 95       	ret

00001500 <handleAndSpeed>:
    1500:	0f 93       	push	r16
    1502:	1f 93       	push	r17
    1504:	cf 93       	push	r28
    1506:	df 93       	push	r29
    1508:	ec 01       	movw	r28, r24
    150a:	8b 01       	movw	r16, r22
    150c:	dd d9       	rcall	.-3142   	; 0x8c8 <handle>
    150e:	dd 23       	and	r29, r29
    1510:	14 f5       	brge	.+68     	; 0x1556 <handleAndSpeed+0x56>
    1512:	d1 95       	neg	r29
    1514:	c1 95       	neg	r28
    1516:	d1 09       	sbc	r29, r1
    1518:	fe 01       	movw	r30, r28
    151a:	e0 5f       	subi	r30, 0xF0	; 240
    151c:	fd 4f       	sbci	r31, 0xFD	; 253
    151e:	20 81       	ld	r18, Z
    1520:	20 9f       	mul	r18, r16
    1522:	c0 01       	movw	r24, r0
    1524:	21 9f       	mul	r18, r17
    1526:	90 0d       	add	r25, r0
    1528:	11 24       	eor	r1, r1
    152a:	24 e6       	ldi	r18, 0x64	; 100
    152c:	30 e0       	ldi	r19, 0x00	; 0
    152e:	b9 01       	movw	r22, r18
    1530:	0e 94 61 17 	call	0x2ec2	; 0x2ec2 <__divmodhi4>
    1534:	fb 01       	movw	r30, r22
    1536:	ce 5b       	subi	r28, 0xBE	; 190
    1538:	dd 4f       	sbci	r29, 0xFD	; 253
    153a:	48 81       	ld	r20, Y
    153c:	40 9f       	mul	r20, r16
    153e:	c0 01       	movw	r24, r0
    1540:	41 9f       	mul	r20, r17
    1542:	90 0d       	add	r25, r0
    1544:	11 24       	eor	r1, r1
    1546:	b9 01       	movw	r22, r18
    1548:	0e 94 61 17 	call	0x2ec2	; 0x2ec2 <__divmodhi4>
    154c:	cb 01       	movw	r24, r22
    154e:	bf 01       	movw	r22, r30
    1550:	0e 94 f7 14 	call	0x29ee	; 0x29ee <speed>
    1554:	25 c0       	rjmp	.+74     	; 0x15a0 <handleAndSpeed+0xa0>
    1556:	20 97       	sbiw	r28, 0x00	; 0
    1558:	29 f4       	brne	.+10     	; 0x1564 <handleAndSpeed+0x64>
    155a:	b8 01       	movw	r22, r16
    155c:	c8 01       	movw	r24, r16
    155e:	0e 94 f7 14 	call	0x29ee	; 0x29ee <speed>
    1562:	1e c0       	rjmp	.+60     	; 0x15a0 <handleAndSpeed+0xa0>
    1564:	fe 01       	movw	r30, r28
    1566:	ee 5b       	subi	r30, 0xBE	; 190
    1568:	fd 4f       	sbci	r31, 0xFD	; 253
    156a:	20 81       	ld	r18, Z
    156c:	20 9f       	mul	r18, r16
    156e:	c0 01       	movw	r24, r0
    1570:	21 9f       	mul	r18, r17
    1572:	90 0d       	add	r25, r0
    1574:	11 24       	eor	r1, r1
    1576:	24 e6       	ldi	r18, 0x64	; 100
    1578:	30 e0       	ldi	r19, 0x00	; 0
    157a:	b9 01       	movw	r22, r18
    157c:	0e 94 61 17 	call	0x2ec2	; 0x2ec2 <__divmodhi4>
    1580:	fb 01       	movw	r30, r22
    1582:	c0 5f       	subi	r28, 0xF0	; 240
    1584:	dd 4f       	sbci	r29, 0xFD	; 253
    1586:	48 81       	ld	r20, Y
    1588:	40 9f       	mul	r20, r16
    158a:	c0 01       	movw	r24, r0
    158c:	41 9f       	mul	r20, r17
    158e:	90 0d       	add	r25, r0
    1590:	11 24       	eor	r1, r1
    1592:	b9 01       	movw	r22, r18
    1594:	0e 94 61 17 	call	0x2ec2	; 0x2ec2 <__divmodhi4>
    1598:	cb 01       	movw	r24, r22
    159a:	bf 01       	movw	r22, r30
    159c:	0e 94 f7 14 	call	0x29ee	; 0x29ee <speed>
    15a0:	df 91       	pop	r29
    15a2:	cf 91       	pop	r28
    15a4:	1f 91       	pop	r17
    15a6:	0f 91       	pop	r16
    15a8:	08 95       	ret

000015aa <handleAndSpeedMicro>:
		break;
	}
}
void handleAndSpeedMicro (int angle,int speed1)
{
    15aa:	0f 93       	push	r16
    15ac:	1f 93       	push	r17
    15ae:	cf 93       	push	r28
    15b0:	df 93       	push	r29
    15b2:	ec 01       	movw	r28, r24
    15b4:	8b 01       	movw	r16, r22
	int speed2;
	int speed3;
	handleMicro(angle);
    15b6:	9a d9       	rcall	.-3276   	; 0x8ec <handleMicro>
	if (angle<0){
    15b8:	dd 23       	and	r29, r29
    15ba:	4c f5       	brge	.+82     	; 0x160e <handleAndSpeedMicro+0x64>
		angle = -angle;
		speed2 = speed1*coeffR1[angle/10]/100;
    15bc:	88 27       	eor	r24, r24
    15be:	99 27       	eor	r25, r25
    15c0:	8c 1b       	sub	r24, r28
    15c2:	9d 0b       	sbc	r25, r29
    15c4:	6a e0       	ldi	r22, 0x0A	; 10
    15c6:	70 e0       	ldi	r23, 0x00	; 0
    15c8:	0e 94 61 17 	call	0x2ec2	; 0x2ec2 <__divmodhi4>
    15cc:	9b 01       	movw	r18, r22
		speed3 = speed1*coeffR3[angle/10]/100;
    15ce:	fb 01       	movw	r30, r22
    15d0:	e0 5f       	subi	r30, 0xF0	; 240
    15d2:	fd 4f       	sbci	r31, 0xFD	; 253
		speed (speed2,speed3);
    15d4:	40 81       	ld	r20, Z
    15d6:	40 9f       	mul	r20, r16
    15d8:	c0 01       	movw	r24, r0
    15da:	41 9f       	mul	r20, r17
    15dc:	90 0d       	add	r25, r0
    15de:	11 24       	eor	r1, r1
    15e0:	e4 e6       	ldi	r30, 0x64	; 100
    15e2:	f0 e0       	ldi	r31, 0x00	; 0
    15e4:	bf 01       	movw	r22, r30
    15e6:	0e 94 61 17 	call	0x2ec2	; 0x2ec2 <__divmodhi4>
    15ea:	eb 01       	movw	r28, r22
	int speed2;
	int speed3;
	handleMicro(angle);
	if (angle<0){
		angle = -angle;
		speed2 = speed1*coeffR1[angle/10]/100;
    15ec:	d9 01       	movw	r26, r18
    15ee:	ae 5b       	subi	r26, 0xBE	; 190
    15f0:	bd 4f       	sbci	r27, 0xFD	; 253
		speed3 = speed1*coeffR3[angle/10]/100;
		speed (speed2,speed3);
    15f2:	2c 91       	ld	r18, X
    15f4:	20 9f       	mul	r18, r16
    15f6:	c0 01       	movw	r24, r0
    15f8:	21 9f       	mul	r18, r17
    15fa:	90 0d       	add	r25, r0
    15fc:	11 24       	eor	r1, r1
    15fe:	bf 01       	movw	r22, r30
    1600:	0e 94 61 17 	call	0x2ec2	; 0x2ec2 <__divmodhi4>
    1604:	cb 01       	movw	r24, r22
    1606:	be 01       	movw	r22, r28
    1608:	0e 94 f7 14 	call	0x29ee	; 0x29ee <speed>
    160c:	2c c0       	rjmp	.+88     	; 0x1666 <handleAndSpeedMicro+0xbc>
	}
	else if (angle == 0 )
    160e:	20 97       	sbiw	r28, 0x00	; 0
    1610:	29 f4       	brne	.+10     	; 0x161c <handleAndSpeedMicro+0x72>
	{
		speed (speed1,speed1);
    1612:	b8 01       	movw	r22, r16
    1614:	c8 01       	movw	r24, r16
    1616:	0e 94 f7 14 	call	0x29ee	; 0x29ee <speed>
    161a:	25 c0       	rjmp	.+74     	; 0x1666 <handleAndSpeedMicro+0xbc>
	}
	else {
		speed2 = speed1*coeffR1[angle/10]/100;
    161c:	ce 01       	movw	r24, r28
    161e:	6a e0       	ldi	r22, 0x0A	; 10
    1620:	70 e0       	ldi	r23, 0x00	; 0
    1622:	0e 94 61 17 	call	0x2ec2	; 0x2ec2 <__divmodhi4>
    1626:	9b 01       	movw	r18, r22
    1628:	fb 01       	movw	r30, r22
    162a:	ee 5b       	subi	r30, 0xBE	; 190
    162c:	fd 4f       	sbci	r31, 0xFD	; 253
		speed3 = speed1*coeffR3[angle/10]/100;
		speed (speed3,speed2);
    162e:	40 81       	ld	r20, Z
    1630:	40 9f       	mul	r20, r16
    1632:	c0 01       	movw	r24, r0
    1634:	41 9f       	mul	r20, r17
    1636:	90 0d       	add	r25, r0
    1638:	11 24       	eor	r1, r1
    163a:	e4 e6       	ldi	r30, 0x64	; 100
    163c:	f0 e0       	ldi	r31, 0x00	; 0
    163e:	bf 01       	movw	r22, r30
    1640:	0e 94 61 17 	call	0x2ec2	; 0x2ec2 <__divmodhi4>
    1644:	eb 01       	movw	r28, r22
	{
		speed (speed1,speed1);
	}
	else {
		speed2 = speed1*coeffR1[angle/10]/100;
		speed3 = speed1*coeffR3[angle/10]/100;
    1646:	d9 01       	movw	r26, r18
    1648:	a0 5f       	subi	r26, 0xF0	; 240
    164a:	bd 4f       	sbci	r27, 0xFD	; 253
		speed (speed3,speed2);
    164c:	2c 91       	ld	r18, X
    164e:	20 9f       	mul	r18, r16
    1650:	c0 01       	movw	r24, r0
    1652:	21 9f       	mul	r18, r17
    1654:	90 0d       	add	r25, r0
    1656:	11 24       	eor	r1, r1
    1658:	bf 01       	movw	r22, r30
    165a:	0e 94 61 17 	call	0x2ec2	; 0x2ec2 <__divmodhi4>
    165e:	cb 01       	movw	r24, r22
    1660:	be 01       	movw	r22, r28
    1662:	0e 94 f7 14 	call	0x29ee	; 0x29ee <speed>
	}
}
    1666:	df 91       	pop	r29
    1668:	cf 91       	pop	r28
    166a:	1f 91       	pop	r17
    166c:	0f 91       	pop	r16
    166e:	08 95       	ret

00001670 <runForwardLine>:
		speed (speed3,speed2);
	}
}
void runForwardLine (int speedRun)
{
	switch(sensor) {
    1670:	80 91 d9 02 	lds	r24, 0x02D9	; 0x8002d9 <sensor>
    1674:	90 e0       	ldi	r25, 0x00	; 0
    1676:	81 3f       	cpi	r24, 0xF1	; 241
    1678:	91 05       	cpc	r25, r1
    167a:	08 f0       	brcs	.+2      	; 0x167e <runForwardLine+0xe>
    167c:	29 c2       	rjmp	.+1106   	; 0x1ad0 <runForwardLine+0x460>
    167e:	fc 01       	movw	r30, r24
    1680:	88 27       	eor	r24, r24
    1682:	e5 58       	subi	r30, 0x85	; 133
    1684:	ff 4f       	sbci	r31, 0xFF	; 255
    1686:	8f 4f       	sbci	r24, 0xFF	; 255
    1688:	0c 94 74 17 	jmp	0x2ee8	; 0x2ee8 <__tablejump2__>
		case 0x18:// 00011000
		case 0x3c:// 00111100
		handleAndSpeed(angle0,speedRun0);
    168c:	60 91 04 03 	lds	r22, 0x0304	; 0x800304 <speedRun0>
    1690:	70 91 05 03 	lds	r23, 0x0305	; 0x800305 <speedRun0+0x1>
    1694:	80 91 38 03 	lds	r24, 0x0338	; 0x800338 <angle0>
    1698:	90 91 39 03 	lds	r25, 0x0339	; 0x800339 <angle0+0x1>
    169c:	31 df       	rcall	.-414    	; 0x1500 <handleAndSpeed>
		curveFlag = 0;
    169e:	10 92 46 03 	sts	0x0346, r1	; 0x800346 <curveFlag>
		sensorPos = 0;
    16a2:	10 92 32 03 	sts	0x0332, r1	; 0x800332 <sensorPos>
		straightLine = 1;
    16a6:	81 e0       	ldi	r24, 0x01	; 1
    16a8:	80 93 33 03 	sts	0x0333, r24	; 0x800333 <straightLine>
		break;
    16ac:	08 95       	ret
		case 0x1C:// 00011100
		case 0x08:// 00001000
		if ( sensorPos < -3)
    16ae:	80 91 32 03 	lds	r24, 0x0332	; 0x800332 <sensorPos>
    16b2:	8d 3f       	cpi	r24, 0xFD	; 253
    16b4:	34 f4       	brge	.+12     	; 0x16c2 <runForwardLine+0x52>
		{
			handleAndSpeed (-30,0);
    16b6:	60 e0       	ldi	r22, 0x00	; 0
    16b8:	70 e0       	ldi	r23, 0x00	; 0
    16ba:	82 ee       	ldi	r24, 0xE2	; 226
    16bc:	9f ef       	ldi	r25, 0xFF	; 255
    16be:	20 cf       	rjmp	.-448    	; 0x1500 <handleAndSpeed>
			break;
    16c0:	08 95       	ret
		}
		else
		handleAndSpeed(angle1,speedRun1);
    16c2:	60 91 2a 03 	lds	r22, 0x032A	; 0x80032a <speedRun1>
    16c6:	70 91 2b 03 	lds	r23, 0x032B	; 0x80032b <speedRun1+0x1>
    16ca:	80 91 1e 03 	lds	r24, 0x031E	; 0x80031e <angle1>
    16ce:	90 91 1f 03 	lds	r25, 0x031F	; 0x80031f <angle1+0x1>
    16d2:	16 df       	rcall	.-468    	; 0x1500 <handleAndSpeed>
		curveFlag = 0;
    16d4:	10 92 46 03 	sts	0x0346, r1	; 0x800346 <curveFlag>
		sensorPos = 1;
    16d8:	81 e0       	ldi	r24, 0x01	; 1
    16da:	80 93 32 03 	sts	0x0332, r24	; 0x800332 <sensorPos>
		straightLine = 1;
    16de:	80 93 33 03 	sts	0x0333, r24	; 0x800333 <straightLine>
		break;
    16e2:	08 95       	ret
		case 0x0c:// 00001100
		case 0x1e:// 00011110
		if ( sensorPos < -3)
    16e4:	80 91 32 03 	lds	r24, 0x0332	; 0x800332 <sensorPos>
    16e8:	8d 3f       	cpi	r24, 0xFD	; 253
    16ea:	34 f4       	brge	.+12     	; 0x16f8 <runForwardLine+0x88>
		{
			handleAndSpeed(-30,0);
    16ec:	60 e0       	ldi	r22, 0x00	; 0
    16ee:	70 e0       	ldi	r23, 0x00	; 0
    16f0:	82 ee       	ldi	r24, 0xE2	; 226
    16f2:	9f ef       	ldi	r25, 0xFF	; 255
    16f4:	05 cf       	rjmp	.-502    	; 0x1500 <handleAndSpeed>
			break;
    16f6:	08 95       	ret
		}
		else
		handleAndSpeed(angle2,speedRun2);
    16f8:	60 91 0c 03 	lds	r22, 0x030C	; 0x80030c <speedRun2>
    16fc:	70 91 0d 03 	lds	r23, 0x030D	; 0x80030d <speedRun2+0x1>
    1700:	80 91 24 03 	lds	r24, 0x0324	; 0x800324 <angle2>
    1704:	90 91 25 03 	lds	r25, 0x0325	; 0x800325 <angle2+0x1>
    1708:	fb de       	rcall	.-522    	; 0x1500 <handleAndSpeed>
		curveFlag = 0;
    170a:	10 92 46 03 	sts	0x0346, r1	; 0x800346 <curveFlag>
		sensorPos = 2;
    170e:	82 e0       	ldi	r24, 0x02	; 2
    1710:	80 93 32 03 	sts	0x0332, r24	; 0x800332 <sensorPos>
		straightLine = 1;
    1714:	81 e0       	ldi	r24, 0x01	; 1
    1716:	80 93 33 03 	sts	0x0333, r24	; 0x800333 <straightLine>
		break;
    171a:	08 95       	ret
		case 0x04:// 00000100
		case 0x0e:// 00001110
		if ( sensorPos < -3)
    171c:	80 91 32 03 	lds	r24, 0x0332	; 0x800332 <sensorPos>
    1720:	8d 3f       	cpi	r24, 0xFD	; 253
		{
			handleAndSpeed(-30,0);
    1722:	34 f4       	brge	.+12     	; 0x1730 <runForwardLine+0xc0>
    1724:	60 e0       	ldi	r22, 0x00	; 0
    1726:	70 e0       	ldi	r23, 0x00	; 0
    1728:	82 ee       	ldi	r24, 0xE2	; 226
    172a:	9f ef       	ldi	r25, 0xFF	; 255
    172c:	e9 ce       	rjmp	.-558    	; 0x1500 <handleAndSpeed>
			break;
    172e:	08 95       	ret
		}
		else if (brakeCurve > 11)
    1730:	80 91 47 03 	lds	r24, 0x0347	; 0x800347 <brakeCurve>
    1734:	90 91 48 03 	lds	r25, 0x0348	; 0x800348 <brakeCurve+0x1>
    1738:	0c 97       	sbiw	r24, 0x0c	; 12
		{
			handle(7);
    173a:	50 f0       	brcs	.+20     	; 0x1750 <runForwardLine+0xe0>
    173c:	87 e0       	ldi	r24, 0x07	; 7
    173e:	90 e0       	ldi	r25, 0x00	; 0
    1740:	c3 d8       	rcall	.-3706   	; 0x8c8 <handle>
			speed(-20,-20);
    1742:	6c ee       	ldi	r22, 0xEC	; 236
    1744:	7f ef       	ldi	r23, 0xFF	; 255
    1746:	8c ee       	ldi	r24, 0xEC	; 236
    1748:	9f ef       	ldi	r25, 0xFF	; 255
    174a:	0e 94 f7 14 	call	0x29ee	; 0x29ee <speed>
    174e:	09 c0       	rjmp	.+18     	; 0x1762 <runForwardLine+0xf2>
		}
		else
		handleAndSpeed(angle3,speedRun3);
    1750:	60 91 40 03 	lds	r22, 0x0340	; 0x800340 <speedRun3>
    1754:	70 91 41 03 	lds	r23, 0x0341	; 0x800341 <speedRun3+0x1>
    1758:	80 91 3a 03 	lds	r24, 0x033A	; 0x80033a <angle3>
    175c:	90 91 3b 03 	lds	r25, 0x033B	; 0x80033b <angle3+0x1>
    1760:	cf de       	rcall	.-610    	; 0x1500 <handleAndSpeed>
		curveFlag = 1;
    1762:	81 e0       	ldi	r24, 0x01	; 1
    1764:	80 93 46 03 	sts	0x0346, r24	; 0x800346 <curveFlag>
		sensorPos = 3;
    1768:	83 e0       	ldi	r24, 0x03	; 3
    176a:	80 93 32 03 	sts	0x0332, r24	; 0x800332 <sensorPos>
		straightLine = 0;
    176e:	10 92 33 03 	sts	0x0333, r1	; 0x800333 <straightLine>
		break;
    1772:	08 95       	ret
		case 0x06:// 00000110
		if ( sensorPos < -3)
    1774:	80 91 32 03 	lds	r24, 0x0332	; 0x800332 <sensorPos>
    1778:	8d 3f       	cpi	r24, 0xFD	; 253
		{
			handleAndSpeed(-30,0);
    177a:	34 f4       	brge	.+12     	; 0x1788 <runForwardLine+0x118>
    177c:	60 e0       	ldi	r22, 0x00	; 0
    177e:	70 e0       	ldi	r23, 0x00	; 0
    1780:	82 ee       	ldi	r24, 0xE2	; 226
    1782:	9f ef       	ldi	r25, 0xFF	; 255
    1784:	bd ce       	rjmp	.-646    	; 0x1500 <handleAndSpeed>
			break;
		}
		else if (brakeCurve > 11)
    1786:	08 95       	ret
    1788:	80 91 47 03 	lds	r24, 0x0347	; 0x800347 <brakeCurve>
    178c:	90 91 48 03 	lds	r25, 0x0348	; 0x800348 <brakeCurve+0x1>
    1790:	0c 97       	sbiw	r24, 0x0c	; 12
		{
			handle(15);
    1792:	50 f0       	brcs	.+20     	; 0x17a8 <runForwardLine+0x138>
    1794:	8f e0       	ldi	r24, 0x0F	; 15
    1796:	90 e0       	ldi	r25, 0x00	; 0
    1798:	97 d8       	rcall	.-3794   	; 0x8c8 <handle>
			speed(-20,-20);
    179a:	6c ee       	ldi	r22, 0xEC	; 236
    179c:	7f ef       	ldi	r23, 0xFF	; 255
    179e:	8c ee       	ldi	r24, 0xEC	; 236
    17a0:	9f ef       	ldi	r25, 0xFF	; 255
    17a2:	0e 94 f7 14 	call	0x29ee	; 0x29ee <speed>
		}
		else
		handleAndSpeed(angle4,speedRun4);
    17a6:	09 c0       	rjmp	.+18     	; 0x17ba <runForwardLine+0x14a>
    17a8:	60 91 34 03 	lds	r22, 0x0334	; 0x800334 <speedRun4>
    17ac:	70 91 35 03 	lds	r23, 0x0335	; 0x800335 <speedRun4+0x1>
    17b0:	80 91 20 03 	lds	r24, 0x0320	; 0x800320 <angle4>
    17b4:	90 91 21 03 	lds	r25, 0x0321	; 0x800321 <angle4+0x1>
    17b8:	a3 de       	rcall	.-698    	; 0x1500 <handleAndSpeed>
		curveFlag = 1;
    17ba:	81 e0       	ldi	r24, 0x01	; 1
    17bc:	80 93 46 03 	sts	0x0346, r24	; 0x800346 <curveFlag>
		sensorPos = 4;
    17c0:	84 e0       	ldi	r24, 0x04	; 4
    17c2:	80 93 32 03 	sts	0x0332, r24	; 0x800332 <sensorPos>
		straightLine = 0;
    17c6:	10 92 33 03 	sts	0x0333, r1	; 0x800333 <straightLine>
		break;
		case 0x02:// 00000010
		case 0x07:// 00000111
		if ( sensorPos < -3)
    17ca:	08 95       	ret
    17cc:	80 91 32 03 	lds	r24, 0x0332	; 0x800332 <sensorPos>
    17d0:	8d 3f       	cpi	r24, 0xFD	; 253
		{
			handleAndSpeed(-30,0);
    17d2:	34 f4       	brge	.+12     	; 0x17e0 <runForwardLine+0x170>
    17d4:	60 e0       	ldi	r22, 0x00	; 0
    17d6:	70 e0       	ldi	r23, 0x00	; 0
    17d8:	82 ee       	ldi	r24, 0xE2	; 226
    17da:	9f ef       	ldi	r25, 0xFF	; 255
			break;
    17dc:	91 ce       	rjmp	.-734    	; 0x1500 <handleAndSpeed>
		}
		else if (brakeCurve > 11)
    17de:	08 95       	ret
    17e0:	80 91 47 03 	lds	r24, 0x0347	; 0x800347 <brakeCurve>
    17e4:	90 91 48 03 	lds	r25, 0x0348	; 0x800348 <brakeCurve+0x1>
    17e8:	0c 97       	sbiw	r24, 0x0c	; 12
		{
			handle(15);
    17ea:	50 f0       	brcs	.+20     	; 0x1800 <runForwardLine+0x190>
    17ec:	8f e0       	ldi	r24, 0x0F	; 15
    17ee:	90 e0       	ldi	r25, 0x00	; 0
    17f0:	6b d8       	rcall	.-3882   	; 0x8c8 <handle>
			speed(-20,-20);
    17f2:	6c ee       	ldi	r22, 0xEC	; 236
    17f4:	7f ef       	ldi	r23, 0xFF	; 255
    17f6:	8c ee       	ldi	r24, 0xEC	; 236
    17f8:	9f ef       	ldi	r25, 0xFF	; 255
    17fa:	0e 94 f7 14 	call	0x29ee	; 0x29ee <speed>
		}
		else
		handleAndSpeed(angle5,speedRun5);
    17fe:	09 c0       	rjmp	.+18     	; 0x1812 <runForwardLine+0x1a2>
    1800:	60 91 12 03 	lds	r22, 0x0312	; 0x800312 <speedRun5>
    1804:	70 91 13 03 	lds	r23, 0x0313	; 0x800313 <speedRun5+0x1>
    1808:	80 91 36 03 	lds	r24, 0x0336	; 0x800336 <angle5>
    180c:	90 91 37 03 	lds	r25, 0x0337	; 0x800337 <angle5+0x1>
    1810:	77 de       	rcall	.-786    	; 0x1500 <handleAndSpeed>
		curveFlag = 1;
    1812:	81 e0       	ldi	r24, 0x01	; 1
    1814:	80 93 46 03 	sts	0x0346, r24	; 0x800346 <curveFlag>
		sensorPos = 5;
    1818:	85 e0       	ldi	r24, 0x05	; 5
    181a:	80 93 32 03 	sts	0x0332, r24	; 0x800332 <sensorPos>
		straightLine = 0;
    181e:	10 92 33 03 	sts	0x0333, r1	; 0x800333 <straightLine>
		break;
		case 0x03:// 00000011
		if ( sensorPos < -3)
    1822:	08 95       	ret
    1824:	80 91 32 03 	lds	r24, 0x0332	; 0x800332 <sensorPos>
    1828:	8d 3f       	cpi	r24, 0xFD	; 253
		{
			handleAndSpeed(-30,0);
    182a:	34 f4       	brge	.+12     	; 0x1838 <runForwardLine+0x1c8>
    182c:	60 e0       	ldi	r22, 0x00	; 0
    182e:	70 e0       	ldi	r23, 0x00	; 0
    1830:	82 ee       	ldi	r24, 0xE2	; 226
    1832:	9f ef       	ldi	r25, 0xFF	; 255
			break;
    1834:	65 ce       	rjmp	.-822    	; 0x1500 <handleAndSpeed>
		}
		else
		handleAndSpeed(angle6,speedRun6);
    1836:	08 95       	ret
    1838:	60 91 02 03 	lds	r22, 0x0302	; 0x800302 <speedRun6>
    183c:	70 91 03 03 	lds	r23, 0x0303	; 0x800303 <speedRun6+0x1>
    1840:	80 91 18 03 	lds	r24, 0x0318	; 0x800318 <angle6>
    1844:	90 91 19 03 	lds	r25, 0x0319	; 0x800319 <angle6+0x1>
    1848:	5b de       	rcall	.-842    	; 0x1500 <handleAndSpeed>
		curveFlag = 1;
    184a:	81 e0       	ldi	r24, 0x01	; 1
    184c:	80 93 46 03 	sts	0x0346, r24	; 0x800346 <curveFlag>
		sensorPos = 6;
    1850:	86 e0       	ldi	r24, 0x06	; 6
    1852:	80 93 32 03 	sts	0x0332, r24	; 0x800332 <sensorPos>
		straightLine = 0;
    1856:	10 92 33 03 	sts	0x0333, r1	; 0x800333 <straightLine>
		break;
		case 0x01:// 00000001
		if ( sensorPos < -3)
    185a:	08 95       	ret
    185c:	80 91 32 03 	lds	r24, 0x0332	; 0x800332 <sensorPos>
    1860:	8d 3f       	cpi	r24, 0xFD	; 253
		{
			handleAndSpeed(-30,0);
    1862:	34 f4       	brge	.+12     	; 0x1870 <runForwardLine+0x200>
    1864:	60 e0       	ldi	r22, 0x00	; 0
    1866:	70 e0       	ldi	r23, 0x00	; 0
    1868:	82 ee       	ldi	r24, 0xE2	; 226
    186a:	9f ef       	ldi	r25, 0xFF	; 255
			break;
    186c:	49 ce       	rjmp	.-878    	; 0x1500 <handleAndSpeed>
		}
		handleAndSpeed(angle7,speedRun7);
    186e:	08 95       	ret
    1870:	60 91 3e 03 	lds	r22, 0x033E	; 0x80033e <speedRun7>
    1874:	70 91 3f 03 	lds	r23, 0x033F	; 0x80033f <speedRun7+0x1>
    1878:	80 91 3c 03 	lds	r24, 0x033C	; 0x80033c <angle7>
    187c:	90 91 3d 03 	lds	r25, 0x033D	; 0x80033d <angle7+0x1>
    1880:	3f de       	rcall	.-898    	; 0x1500 <handleAndSpeed>
		curveFlag = 1;   //RYGB(0,0,0,0);
    1882:	81 e0       	ldi	r24, 0x01	; 1
    1884:	80 93 46 03 	sts	0x0346, r24	; 0x800346 <curveFlag>
		straightLine = 0;
    1888:	10 92 33 03 	sts	0x0333, r1	; 0x800333 <straightLine>
		sensorPos = 6;
    188c:	86 e0       	ldi	r24, 0x06	; 6
    188e:	80 93 32 03 	sts	0x0332, r24	; 0x800332 <sensorPos>
		break;
		case 0x81:// 10000001
		case 0xc1:// 11000001
		case 0x00:// 00000000
		case 0x83:// 10000011
		if ( sensorPos < -4)
    1892:	08 95       	ret
    1894:	80 91 32 03 	lds	r24, 0x0332	; 0x800332 <sensorPos>
		{
			handleAndSpeed(-30,0);
    1898:	8c 3f       	cpi	r24, 0xFC	; 252
    189a:	34 f4       	brge	.+12     	; 0x18a8 <runForwardLine+0x238>
    189c:	60 e0       	ldi	r22, 0x00	; 0
    189e:	70 e0       	ldi	r23, 0x00	; 0
    18a0:	82 ee       	ldi	r24, 0xE2	; 226
    18a2:	9f ef       	ldi	r25, 0xFF	; 255
			break;
    18a4:	2d ce       	rjmp	.-934    	; 0x1500 <handleAndSpeed>
		}
		else if ( sensorPos > 4)
    18a6:	08 95       	ret
    18a8:	85 30       	cpi	r24, 0x05	; 5
		{
			handleAndSpeed(30,0);
    18aa:	0c f4       	brge	.+2      	; 0x18ae <runForwardLine+0x23e>
    18ac:	19 c1       	rjmp	.+562    	; 0x1ae0 <runForwardLine+0x470>
    18ae:	60 e0       	ldi	r22, 0x00	; 0
    18b0:	70 e0       	ldi	r23, 0x00	; 0
    18b2:	8e e1       	ldi	r24, 0x1E	; 30
    18b4:	90 e0       	ldi	r25, 0x00	; 0
			break;
    18b6:	24 ce       	rjmp	.-952    	; 0x1500 <handleAndSpeed>
		}
		break;
		case 0x10:// 00010000
		case 0x38:// 00111000
		if ( sensorPos > 3)
    18b8:	08 95       	ret
    18ba:	80 91 32 03 	lds	r24, 0x0332	; 0x800332 <sensorPos>
		{
			handleAndSpeed(30,0);
    18be:	84 30       	cpi	r24, 0x04	; 4
    18c0:	34 f0       	brlt	.+12     	; 0x18ce <runForwardLine+0x25e>
    18c2:	60 e0       	ldi	r22, 0x00	; 0
    18c4:	70 e0       	ldi	r23, 0x00	; 0
    18c6:	8e e1       	ldi	r24, 0x1E	; 30
    18c8:	90 e0       	ldi	r25, 0x00	; 0
			break;
    18ca:	1a ce       	rjmp	.-972    	; 0x1500 <handleAndSpeed>
		}
		else
		handleAndSpeedMicro (-angle1,speedRun1);
    18cc:	08 95       	ret
    18ce:	60 91 2a 03 	lds	r22, 0x032A	; 0x80032a <speedRun1>
    18d2:	70 91 2b 03 	lds	r23, 0x032B	; 0x80032b <speedRun1+0x1>
    18d6:	80 91 1e 03 	lds	r24, 0x031E	; 0x80031e <angle1>
    18da:	90 91 1f 03 	lds	r25, 0x031F	; 0x80031f <angle1+0x1>
    18de:	91 95       	neg	r25
    18e0:	81 95       	neg	r24
    18e2:	91 09       	sbc	r25, r1
		curveFlag = 0;
    18e4:	62 de       	rcall	.-828    	; 0x15aa <handleAndSpeedMicro>
    18e6:	10 92 46 03 	sts	0x0346, r1	; 0x800346 <curveFlag>
		sensorPos = -1;
    18ea:	8f ef       	ldi	r24, 0xFF	; 255
    18ec:	80 93 32 03 	sts	0x0332, r24	; 0x800332 <sensorPos>
		straightLine = 1;
    18f0:	81 e0       	ldi	r24, 0x01	; 1
    18f2:	80 93 33 03 	sts	0x0333, r24	; 0x800333 <straightLine>
		break;
		case 0x30:// 00110000
		case 0x78:// 01111000
		if ( sensorPos > 3)
    18f6:	08 95       	ret
    18f8:	80 91 32 03 	lds	r24, 0x0332	; 0x800332 <sensorPos>
		{
			handleAndSpeed(30,0);
    18fc:	84 30       	cpi	r24, 0x04	; 4
    18fe:	34 f0       	brlt	.+12     	; 0x190c <runForwardLine+0x29c>
    1900:	60 e0       	ldi	r22, 0x00	; 0
    1902:	70 e0       	ldi	r23, 0x00	; 0
    1904:	8e e1       	ldi	r24, 0x1E	; 30
    1906:	90 e0       	ldi	r25, 0x00	; 0
			break;
    1908:	fb cd       	rjmp	.-1034   	; 0x1500 <handleAndSpeed>
		}
		else
		handleAndSpeed(-angle2,speedRun2);
    190a:	08 95       	ret
    190c:	60 91 0c 03 	lds	r22, 0x030C	; 0x80030c <speedRun2>
    1910:	70 91 0d 03 	lds	r23, 0x030D	; 0x80030d <speedRun2+0x1>
    1914:	80 91 24 03 	lds	r24, 0x0324	; 0x800324 <angle2>
    1918:	90 91 25 03 	lds	r25, 0x0325	; 0x800325 <angle2+0x1>
    191c:	91 95       	neg	r25
    191e:	81 95       	neg	r24
    1920:	91 09       	sbc	r25, r1
		curveFlag = 0;
    1922:	ee dd       	rcall	.-1060   	; 0x1500 <handleAndSpeed>
    1924:	10 92 46 03 	sts	0x0346, r1	; 0x800346 <curveFlag>
		sensorPos = -2;
    1928:	8e ef       	ldi	r24, 0xFE	; 254
    192a:	80 93 32 03 	sts	0x0332, r24	; 0x800332 <sensorPos>
		straightLine = 1;
    192e:	81 e0       	ldi	r24, 0x01	; 1
    1930:	80 93 33 03 	sts	0x0333, r24	; 0x800333 <straightLine>
		break;
		case 0x20:// 00100000
		case 0x70:// 01110000
		if ( sensorPos > 3)
    1934:	08 95       	ret
    1936:	80 91 32 03 	lds	r24, 0x0332	; 0x800332 <sensorPos>
    193a:	84 30       	cpi	r24, 0x04	; 4
		{
			handleAndSpeed(30,0);
    193c:	34 f0       	brlt	.+12     	; 0x194a <runForwardLine+0x2da>
    193e:	60 e0       	ldi	r22, 0x00	; 0
    1940:	70 e0       	ldi	r23, 0x00	; 0
    1942:	8e e1       	ldi	r24, 0x1E	; 30
    1944:	90 e0       	ldi	r25, 0x00	; 0
    1946:	dc cd       	rjmp	.-1096   	; 0x1500 <handleAndSpeed>
			break;
    1948:	08 95       	ret
		}
		else if (brakeCurve > 11)
    194a:	80 91 47 03 	lds	r24, 0x0347	; 0x800347 <brakeCurve>
    194e:	90 91 48 03 	lds	r25, 0x0348	; 0x800348 <brakeCurve+0x1>
    1952:	0c 97       	sbiw	r24, 0x0c	; 12
		{
			handle(-7);
    1954:	58 f0       	brcs	.+22     	; 0x196c <runForwardLine+0x2fc>
    1956:	89 ef       	ldi	r24, 0xF9	; 249
    1958:	9f ef       	ldi	r25, 0xFF	; 255
    195a:	0e 94 64 04 	call	0x8c8	; 0x8c8 <handle>
			speed(-20,-20);
    195e:	6c ee       	ldi	r22, 0xEC	; 236
    1960:	7f ef       	ldi	r23, 0xFF	; 255
    1962:	8c ee       	ldi	r24, 0xEC	; 236
    1964:	9f ef       	ldi	r25, 0xFF	; 255
    1966:	0e 94 f7 14 	call	0x29ee	; 0x29ee <speed>
		}
		else
		handleAndSpeed(-angle3,speedRun3);
    196a:	0c c0       	rjmp	.+24     	; 0x1984 <runForwardLine+0x314>
    196c:	60 91 40 03 	lds	r22, 0x0340	; 0x800340 <speedRun3>
    1970:	70 91 41 03 	lds	r23, 0x0341	; 0x800341 <speedRun3+0x1>
    1974:	80 91 3a 03 	lds	r24, 0x033A	; 0x80033a <angle3>
    1978:	90 91 3b 03 	lds	r25, 0x033B	; 0x80033b <angle3+0x1>
    197c:	91 95       	neg	r25
    197e:	81 95       	neg	r24
    1980:	91 09       	sbc	r25, r1
		curveFlag = 1;
    1982:	be dd       	rcall	.-1156   	; 0x1500 <handleAndSpeed>
    1984:	81 e0       	ldi	r24, 0x01	; 1
    1986:	80 93 46 03 	sts	0x0346, r24	; 0x800346 <curveFlag>
		sensorPos = -3;
    198a:	8d ef       	ldi	r24, 0xFD	; 253
    198c:	80 93 32 03 	sts	0x0332, r24	; 0x800332 <sensorPos>
		straightLine = 0;
    1990:	10 92 33 03 	sts	0x0333, r1	; 0x800333 <straightLine>
		break;
		case 0x60:// 01100000
		if ( sensorPos > 3)
    1994:	08 95       	ret
    1996:	80 91 32 03 	lds	r24, 0x0332	; 0x800332 <sensorPos>
    199a:	84 30       	cpi	r24, 0x04	; 4
		{
			handleAndSpeed(30,0);
    199c:	34 f0       	brlt	.+12     	; 0x19aa <runForwardLine+0x33a>
    199e:	60 e0       	ldi	r22, 0x00	; 0
    19a0:	70 e0       	ldi	r23, 0x00	; 0
    19a2:	8e e1       	ldi	r24, 0x1E	; 30
    19a4:	90 e0       	ldi	r25, 0x00	; 0
    19a6:	ac cd       	rjmp	.-1192   	; 0x1500 <handleAndSpeed>
			break;
    19a8:	08 95       	ret
		}
		else if (brakeCurve > 11)
    19aa:	80 91 47 03 	lds	r24, 0x0347	; 0x800347 <brakeCurve>
    19ae:	90 91 48 03 	lds	r25, 0x0348	; 0x800348 <brakeCurve+0x1>
    19b2:	0c 97       	sbiw	r24, 0x0c	; 12
		{
			handle(-15);
    19b4:	58 f0       	brcs	.+22     	; 0x19cc <runForwardLine+0x35c>
    19b6:	81 ef       	ldi	r24, 0xF1	; 241
    19b8:	9f ef       	ldi	r25, 0xFF	; 255
    19ba:	0e 94 64 04 	call	0x8c8	; 0x8c8 <handle>
			speed(-20,-20);
    19be:	6c ee       	ldi	r22, 0xEC	; 236
    19c0:	7f ef       	ldi	r23, 0xFF	; 255
    19c2:	8c ee       	ldi	r24, 0xEC	; 236
    19c4:	9f ef       	ldi	r25, 0xFF	; 255
    19c6:	0e 94 f7 14 	call	0x29ee	; 0x29ee <speed>
		}
		else
		handleAndSpeed(-angle4,speedRun4);
    19ca:	0c c0       	rjmp	.+24     	; 0x19e4 <runForwardLine+0x374>
    19cc:	60 91 34 03 	lds	r22, 0x0334	; 0x800334 <speedRun4>
    19d0:	70 91 35 03 	lds	r23, 0x0335	; 0x800335 <speedRun4+0x1>
    19d4:	80 91 20 03 	lds	r24, 0x0320	; 0x800320 <angle4>
    19d8:	90 91 21 03 	lds	r25, 0x0321	; 0x800321 <angle4+0x1>
    19dc:	91 95       	neg	r25
    19de:	81 95       	neg	r24
    19e0:	91 09       	sbc	r25, r1
		curveFlag = 1;
    19e2:	8e dd       	rcall	.-1252   	; 0x1500 <handleAndSpeed>
    19e4:	81 e0       	ldi	r24, 0x01	; 1
    19e6:	80 93 46 03 	sts	0x0346, r24	; 0x800346 <curveFlag>
		sensorPos = -4;
    19ea:	8c ef       	ldi	r24, 0xFC	; 252
		straightLine = 0;
    19ec:	80 93 32 03 	sts	0x0332, r24	; 0x800332 <sensorPos>
		break;
    19f0:	10 92 33 03 	sts	0x0333, r1	; 0x800333 <straightLine>
		case 0x40:// 01000000
		case 0xe0:// 11100000
		if ( sensorPos > 3)
    19f4:	08 95       	ret
    19f6:	80 91 32 03 	lds	r24, 0x0332	; 0x800332 <sensorPos>
		{
			handleAndSpeed(30,0);
    19fa:	84 30       	cpi	r24, 0x04	; 4
    19fc:	34 f0       	brlt	.+12     	; 0x1a0a <runForwardLine+0x39a>
    19fe:	60 e0       	ldi	r22, 0x00	; 0
    1a00:	70 e0       	ldi	r23, 0x00	; 0
    1a02:	8e e1       	ldi	r24, 0x1E	; 30
    1a04:	90 e0       	ldi	r25, 0x00	; 0
			break;
    1a06:	7c cd       	rjmp	.-1288   	; 0x1500 <handleAndSpeed>
		}
		else if (brakeCurve > 11)
    1a08:	08 95       	ret
    1a0a:	80 91 47 03 	lds	r24, 0x0347	; 0x800347 <brakeCurve>
    1a0e:	90 91 48 03 	lds	r25, 0x0348	; 0x800348 <brakeCurve+0x1>
		{
			handle(-15);
    1a12:	0c 97       	sbiw	r24, 0x0c	; 12
    1a14:	50 f0       	brcs	.+20     	; 0x1a2a <runForwardLine+0x3ba>
    1a16:	81 ef       	ldi	r24, 0xF1	; 241
    1a18:	9f ef       	ldi	r25, 0xFF	; 255
			speed(0,0);
    1a1a:	0e 94 64 04 	call	0x8c8	; 0x8c8 <handle>
    1a1e:	60 e0       	ldi	r22, 0x00	; 0
    1a20:	70 e0       	ldi	r23, 0x00	; 0
    1a22:	80 e0       	ldi	r24, 0x00	; 0
    1a24:	90 e0       	ldi	r25, 0x00	; 0
    1a26:	e3 d7       	rcall	.+4038   	; 0x29ee <speed>
		}
		else
		handleAndSpeed(-angle5,speedRun5);
    1a28:	0c c0       	rjmp	.+24     	; 0x1a42 <runForwardLine+0x3d2>
    1a2a:	60 91 12 03 	lds	r22, 0x0312	; 0x800312 <speedRun5>
    1a2e:	70 91 13 03 	lds	r23, 0x0313	; 0x800313 <speedRun5+0x1>
    1a32:	80 91 36 03 	lds	r24, 0x0336	; 0x800336 <angle5>
    1a36:	90 91 37 03 	lds	r25, 0x0337	; 0x800337 <angle5+0x1>
    1a3a:	91 95       	neg	r25
    1a3c:	81 95       	neg	r24
    1a3e:	91 09       	sbc	r25, r1
		curveFlag = 1;
    1a40:	5f dd       	rcall	.-1346   	; 0x1500 <handleAndSpeed>
    1a42:	81 e0       	ldi	r24, 0x01	; 1
		sensorPos = -5;
    1a44:	80 93 46 03 	sts	0x0346, r24	; 0x800346 <curveFlag>
    1a48:	8b ef       	ldi	r24, 0xFB	; 251
		straightLine = 0;
    1a4a:	80 93 32 03 	sts	0x0332, r24	; 0x800332 <sensorPos>
		break;
    1a4e:	10 92 33 03 	sts	0x0333, r1	; 0x800333 <straightLine>
		case 0xc0:// 11000000
		if ( sensorPos > 3)
    1a52:	08 95       	ret
    1a54:	80 91 32 03 	lds	r24, 0x0332	; 0x800332 <sensorPos>
		{
			handleAndSpeed(30,0);
    1a58:	84 30       	cpi	r24, 0x04	; 4
    1a5a:	34 f0       	brlt	.+12     	; 0x1a68 <runForwardLine+0x3f8>
    1a5c:	60 e0       	ldi	r22, 0x00	; 0
    1a5e:	70 e0       	ldi	r23, 0x00	; 0
    1a60:	8e e1       	ldi	r24, 0x1E	; 30
    1a62:	90 e0       	ldi	r25, 0x00	; 0
			break;
    1a64:	4d cd       	rjmp	.-1382   	; 0x1500 <handleAndSpeed>
		}
		else
		handleAndSpeed(-angle6,speedRun6);
    1a66:	08 95       	ret
    1a68:	60 91 02 03 	lds	r22, 0x0302	; 0x800302 <speedRun6>
    1a6c:	70 91 03 03 	lds	r23, 0x0303	; 0x800303 <speedRun6+0x1>
    1a70:	80 91 18 03 	lds	r24, 0x0318	; 0x800318 <angle6>
    1a74:	90 91 19 03 	lds	r25, 0x0319	; 0x800319 <angle6+0x1>
    1a78:	91 95       	neg	r25
    1a7a:	81 95       	neg	r24
    1a7c:	91 09       	sbc	r25, r1
		curveFlag = 1;
    1a7e:	40 dd       	rcall	.-1408   	; 0x1500 <handleAndSpeed>
    1a80:	81 e0       	ldi	r24, 0x01	; 1
		sensorPos = -6;
    1a82:	80 93 46 03 	sts	0x0346, r24	; 0x800346 <curveFlag>
    1a86:	8a ef       	ldi	r24, 0xFA	; 250
		straightLine = 0;
    1a88:	80 93 32 03 	sts	0x0332, r24	; 0x800332 <sensorPos>
		break;
    1a8c:	10 92 33 03 	sts	0x0333, r1	; 0x800333 <straightLine>
		case 0x80:// 10000000
		if ( sensorPos > 3)
    1a90:	08 95       	ret
    1a92:	80 91 32 03 	lds	r24, 0x0332	; 0x800332 <sensorPos>
		{
			handleAndSpeed(30,0);
    1a96:	84 30       	cpi	r24, 0x04	; 4
    1a98:	34 f0       	brlt	.+12     	; 0x1aa6 <runForwardLine+0x436>
    1a9a:	60 e0       	ldi	r22, 0x00	; 0
    1a9c:	70 e0       	ldi	r23, 0x00	; 0
    1a9e:	8e e1       	ldi	r24, 0x1E	; 30
			break;
    1aa0:	90 e0       	ldi	r25, 0x00	; 0
		}
		else
		handleAndSpeed(-angle7,speedRun7);
    1aa2:	2e cd       	rjmp	.-1444   	; 0x1500 <handleAndSpeed>
    1aa4:	08 95       	ret
    1aa6:	60 91 3e 03 	lds	r22, 0x033E	; 0x80033e <speedRun7>
    1aaa:	70 91 3f 03 	lds	r23, 0x033F	; 0x80033f <speedRun7+0x1>
    1aae:	80 91 3c 03 	lds	r24, 0x033C	; 0x80033c <angle7>
    1ab2:	90 91 3d 03 	lds	r25, 0x033D	; 0x80033d <angle7+0x1>
    1ab6:	91 95       	neg	r25
    1ab8:	81 95       	neg	r24
    1aba:	91 09       	sbc	r25, r1
		curveFlag = 1;
    1abc:	21 dd       	rcall	.-1470   	; 0x1500 <handleAndSpeed>
    1abe:	81 e0       	ldi	r24, 0x01	; 1
    1ac0:	80 93 46 03 	sts	0x0346, r24	; 0x800346 <curveFlag>
		sensorPos = -6;
    1ac4:	8a ef       	ldi	r24, 0xFA	; 250
    1ac6:	80 93 32 03 	sts	0x0332, r24	; 0x800332 <sensorPos>
		straightLine = 0;
    1aca:	10 92 33 03 	sts	0x0333, r1	; 0x800333 <straightLine>
		break;
		case 0x0f: break;
		case 0xf0: break;
		default:
		straightLine = 1;
    1ace:	08 95       	ret
    1ad0:	81 e0       	ldi	r24, 0x01	; 1
    1ad2:	80 93 33 03 	sts	0x0333, r24	; 0x800333 <straightLine>
		speed(0,0);
    1ad6:	60 e0       	ldi	r22, 0x00	; 0
    1ad8:	70 e0       	ldi	r23, 0x00	; 0
    1ada:	80 e0       	ldi	r24, 0x00	; 0
    1adc:	90 e0       	ldi	r25, 0x00	; 0
    1ade:	87 c7       	rjmp	.+3854   	; 0x29ee <speed>
    1ae0:	08 95       	ret

00001ae2 <brakeTheCar>:
		return 0;
	}
	else return 0;
}
void brakeTheCar(int time,int speedRun)
{
    1ae2:	0f 93       	push	r16
    1ae4:	1f 93       	push	r17
    1ae6:	cf 93       	push	r28
    1ae8:	df 93       	push	r29
    1aea:	8b 01       	movw	r16, r22
	cnt2 = 0;
    1aec:	10 92 45 03 	sts	0x0345, r1	; 0x800345 <cnt2+0x1>
    1af0:	10 92 44 03 	sts	0x0344, r1	; 0x800344 <cnt2>
	while (cnt2<time)
    1af4:	ec 01       	movw	r28, r24
    1af6:	89 2b       	or	r24, r25
    1af8:	49 f0       	breq	.+18     	; 0x1b0c <brakeTheCar+0x2a>
	{
		runForwardLine(speedRun);
    1afa:	c8 01       	movw	r24, r16
    1afc:	b9 dd       	rcall	.-1166   	; 0x1670 <runForwardLine>
	else return 0;
}
void brakeTheCar(int time,int speedRun)
{
	cnt2 = 0;
	while (cnt2<time)
    1afe:	80 91 44 03 	lds	r24, 0x0344	; 0x800344 <cnt2>
    1b02:	90 91 45 03 	lds	r25, 0x0345	; 0x800345 <cnt2+0x1>
    1b06:	8c 17       	cp	r24, r28
    1b08:	9d 07       	cpc	r25, r29
    1b0a:	b8 f3       	brcs	.-18     	; 0x1afa <brakeTheCar+0x18>
	{
		runForwardLine(speedRun);
	}
}
    1b0c:	df 91       	pop	r29
    1b0e:	cf 91       	pop	r28
    1b10:	1f 91       	pop	r17
    1b12:	0f 91       	pop	r16
    1b14:	08 95       	ret

00001b16 <leftLaneChange>:
			return 11;
			break;
		}
	}
}
int leftLaneChange (int speedRun){
    1b16:	0f 93       	push	r16
    1b18:	1f 93       	push	r17
    1b1a:	cf 93       	push	r28
    1b1c:	df 93       	push	r29
    1b1e:	8c 01       	movw	r16, r24
	int runCase3 = 50;
	cnt1 = 0;
    1b20:	10 92 50 03 	sts	0x0350, r1	; 0x800350 <cnt1+0x1>
    1b24:	10 92 4f 03 	sts	0x034F, r1	; 0x80034f <cnt1>
			break;
		}
	}
}
int leftLaneChange (int speedRun){
	int runCase3 = 50;
    1b28:	c2 e3       	ldi	r28, 0x32	; 50
    1b2a:	d0 e0       	ldi	r29, 0x00	; 0
	cnt1 = 0;
	while (1)
	{
		if (checkCrossLine())
    1b2c:	cd dc       	rcall	.-1638   	; 0x14c8 <checkCrossLine>
    1b2e:	88 23       	and	r24, r24
    1b30:	39 f0       	breq	.+14     	; 0x1b40 <leftLaneChange+0x2a>
		{
			cnt1 = 0;
    1b32:	10 92 50 03 	sts	0x0350, r1	; 0x800350 <cnt1+0x1>
    1b36:	10 92 4f 03 	sts	0x034F, r1	; 0x80034f <cnt1>
			return 21;
    1b3a:	85 e1       	ldi	r24, 0x15	; 21
    1b3c:	90 e0       	ldi	r25, 0x00	; 0
    1b3e:	b1 c0       	rjmp	.+354    	; 0x1ca2 <leftLaneChange+0x18c>
		}
		switch (runCase3)
    1b40:	c8 33       	cpi	r28, 0x38	; 56
    1b42:	d1 05       	cpc	r29, r1
    1b44:	09 f4       	brne	.+2      	; 0x1b48 <leftLaneChange+0x32>
    1b46:	64 c0       	rjmp	.+200    	; 0x1c10 <leftLaneChange+0xfa>
    1b48:	3c f4       	brge	.+14     	; 0x1b58 <leftLaneChange+0x42>
    1b4a:	c2 33       	cpi	r28, 0x32	; 50
    1b4c:	d1 05       	cpc	r29, r1
    1b4e:	11 f1       	breq	.+68     	; 0x1b94 <leftLaneChange+0x7e>
    1b50:	c3 33       	cpi	r28, 0x33	; 51
    1b52:	d1 05       	cpc	r29, r1
    1b54:	a1 f1       	breq	.+104    	; 0x1bbe <leftLaneChange+0xa8>
    1b56:	a3 c0       	rjmp	.+326    	; 0x1c9e <leftLaneChange+0x188>
    1b58:	ca 33       	cpi	r28, 0x3A	; 58
    1b5a:	d1 05       	cpc	r29, r1
    1b5c:	29 f0       	breq	.+10     	; 0x1b68 <leftLaneChange+0x52>
    1b5e:	0c f4       	brge	.+2      	; 0x1b62 <leftLaneChange+0x4c>
    1b60:	67 c0       	rjmp	.+206    	; 0x1c30 <leftLaneChange+0x11a>
    1b62:	eb 97       	sbiw	r28, 0x3b	; 59
    1b64:	51 f0       	breq	.+20     	; 0x1b7a <leftLaneChange+0x64>
    1b66:	9b c0       	rjmp	.+310    	; 0x1c9e <leftLaneChange+0x188>
				runCase3 = 58;
				break;
			}
			break;
			case 58:
			while(cnt2 < 300)
    1b68:	80 91 44 03 	lds	r24, 0x0344	; 0x800344 <cnt2>
    1b6c:	90 91 45 03 	lds	r25, 0x0345	; 0x800345 <cnt2+0x1>
    1b70:	8c 32       	cpi	r24, 0x2C	; 44
    1b72:	91 40       	sbci	r25, 0x01	; 1
    1b74:	08 f4       	brcc	.+2      	; 0x1b78 <leftLaneChange+0x62>
    1b76:	6c c0       	rjmp	.+216    	; 0x1c50 <leftLaneChange+0x13a>
    1b78:	74 c0       	rjmp	.+232    	; 0x1c62 <leftLaneChange+0x14c>
			}
			cnt2 = 0;
			runCase3 = 59;
			break;
			case 59:
			while(cnt2 < timerBoostAfterChangeLanes)
    1b7a:	20 91 28 03 	lds	r18, 0x0328	; 0x800328 <timerBoostAfterChangeLanes>
    1b7e:	30 91 29 03 	lds	r19, 0x0329	; 0x800329 <timerBoostAfterChangeLanes+0x1>
    1b82:	80 91 44 03 	lds	r24, 0x0344	; 0x800344 <cnt2>
    1b86:	90 91 45 03 	lds	r25, 0x0345	; 0x800345 <cnt2+0x1>
    1b8a:	82 17       	cp	r24, r18
    1b8c:	93 07       	cpc	r25, r19
    1b8e:	08 f4       	brcc	.+2      	; 0x1b92 <leftLaneChange+0x7c>
    1b90:	6f c0       	rjmp	.+222    	; 0x1c70 <leftLaneChange+0x15a>
    1b92:	7e c0       	rjmp	.+252    	; 0x1c90 <leftLaneChange+0x17a>
			return 21;
		}
		switch (runCase3)
		{
			case 50:
			if (cnt1 < 50)
    1b94:	80 91 4f 03 	lds	r24, 0x034F	; 0x80034f <cnt1>
    1b98:	90 91 50 03 	lds	r25, 0x0350	; 0x800350 <cnt1+0x1>
    1b9c:	c2 97       	sbiw	r24, 0x32	; 50
    1b9e:	60 f4       	brcc	.+24     	; 0x1bb8 <leftLaneChange+0xa2>
			{
				brakeTheCar(speedBrakeChangeLanes,timerBrakeChangeLanes);
    1ba0:	60 91 0a 03 	lds	r22, 0x030A	; 0x80030a <timerBrakeChangeLanes>
    1ba4:	70 91 0b 03 	lds	r23, 0x030B	; 0x80030b <timerBrakeChangeLanes+0x1>
    1ba8:	80 91 1c 03 	lds	r24, 0x031C	; 0x80031c <speedBrakeChangeLanes>
    1bac:	90 91 1d 03 	lds	r25, 0x031D	; 0x80031d <speedBrakeChangeLanes+0x1>
    1bb0:	98 df       	rcall	.-208    	; 0x1ae2 <brakeTheCar>
				runCase3 = 51;
    1bb2:	c3 e3       	ldi	r28, 0x33	; 51
    1bb4:	d0 e0       	ldi	r29, 0x00	; 0
				break;
			}
			runForwardLine(speedRun);
    1bb6:	ba cf       	rjmp	.-140    	; 0x1b2c <leftLaneChange+0x16>
    1bb8:	c8 01       	movw	r24, r16
    1bba:	5a dd       	rcall	.-1356   	; 0x1670 <runForwardLine>
			break;
    1bbc:	b7 cf       	rjmp	.-146    	; 0x1b2c <leftLaneChange+0x16>
			case 51:
			if (sensorMask (MASK4_4) == 0x00){
    1bbe:	80 91 d9 02 	lds	r24, 0x02D9	; 0x8002d9 <sensor>
    1bc2:	81 11       	cpse	r24, r1
    1bc4:	10 c0       	rjmp	.+32     	; 0x1be6 <leftLaneChange+0xd0>
				handleAndSpeed (-angleChangeLanes,speedRun);
    1bc6:	80 91 26 03 	lds	r24, 0x0326	; 0x800326 <angleChangeLanes>
    1bca:	90 91 27 03 	lds	r25, 0x0327	; 0x800327 <angleChangeLanes+0x1>
    1bce:	b8 01       	movw	r22, r16
    1bd0:	91 95       	neg	r25
    1bd2:	81 95       	neg	r24
    1bd4:	91 09       	sbc	r25, r1
    1bd6:	94 dc       	rcall	.-1752   	; 0x1500 <handleAndSpeed>
				runCase3 = 56;
				cnt1 = 0;
    1bd8:	10 92 50 03 	sts	0x0350, r1	; 0x800350 <cnt1+0x1>
    1bdc:	10 92 4f 03 	sts	0x034F, r1	; 0x80034f <cnt1>
			runForwardLine(speedRun);
			break;
			case 51:
			if (sensorMask (MASK4_4) == 0x00){
				handleAndSpeed (-angleChangeLanes,speedRun);
				runCase3 = 56;
    1be0:	c8 e3       	ldi	r28, 0x38	; 56
    1be2:	d0 e0       	ldi	r29, 0x00	; 0
				cnt1 = 0;
				break;
			}
			else
			{
				RGB(0,1,0);
    1be4:	a3 cf       	rjmp	.-186    	; 0x1b2c <leftLaneChange+0x16>
    1be6:	40 e0       	ldi	r20, 0x00	; 0
    1be8:	61 e0       	ldi	r22, 0x01	; 1
    1bea:	80 e0       	ldi	r24, 0x00	; 0
				runForwardLine(speedRun);
    1bec:	42 d9       	rcall	.-3452   	; 0xe72 <RGB>
    1bee:	c8 01       	movw	r24, r16
    1bf0:	3f dd       	rcall	.-1410   	; 0x1670 <runForwardLine>
			}
			if (cnt1>5000)
    1bf2:	80 91 4f 03 	lds	r24, 0x034F	; 0x80034f <cnt1>
    1bf6:	90 91 50 03 	lds	r25, 0x0350	; 0x800350 <cnt1+0x1>
    1bfa:	89 38       	cpi	r24, 0x89	; 137
    1bfc:	93 41       	sbci	r25, 0x13	; 19
    1bfe:	08 f4       	brcc	.+2      	; 0x1c02 <leftLaneChange+0xec>
    1c00:	95 cf       	rjmp	.-214    	; 0x1b2c <leftLaneChange+0x16>
			{
				cnt1 = 0;
    1c02:	10 92 50 03 	sts	0x0350, r1	; 0x800350 <cnt1+0x1>
    1c06:	10 92 4f 03 	sts	0x034F, r1	; 0x80034f <cnt1>
				
				return 11;
    1c0a:	8b e0       	ldi	r24, 0x0B	; 11
    1c0c:	90 e0       	ldi	r25, 0x00	; 0
    1c0e:	49 c0       	rjmp	.+146    	; 0x1ca2 <leftLaneChange+0x18c>
			}
			break;
			case 56:
			if (sensorMask(0x80)!=0)
    1c10:	80 91 d9 02 	lds	r24, 0x02D9	; 0x8002d9 <sensor>
    1c14:	88 23       	and	r24, r24
    1c16:	0c f0       	brlt	.+2      	; 0x1c1a <leftLaneChange+0x104>
    1c18:	89 cf       	rjmp	.-238    	; 0x1b2c <leftLaneChange+0x16>
			{
				cnt1 = 0;
    1c1a:	10 92 50 03 	sts	0x0350, r1	; 0x800350 <cnt1+0x1>
    1c1e:	10 92 4f 03 	sts	0x034F, r1	; 0x80034f <cnt1>
				handleAndSpeed(0,speedRun);
    1c22:	b8 01       	movw	r22, r16
    1c24:	80 e0       	ldi	r24, 0x00	; 0
    1c26:	90 e0       	ldi	r25, 0x00	; 0
    1c28:	6b dc       	rcall	.-1834   	; 0x1500 <handleAndSpeed>
				runCase3 = 57;
    1c2a:	c9 e3       	ldi	r28, 0x39	; 57
    1c2c:	d0 e0       	ldi	r29, 0x00	; 0
    1c2e:	7e cf       	rjmp	.-260    	; 0x1b2c <leftLaneChange+0x16>
			}
			break;
			case 57:
			cnt2 = 0;
    1c30:	10 92 45 03 	sts	0x0345, r1	; 0x800345 <cnt2+0x1>
    1c34:	10 92 44 03 	sts	0x0344, r1	; 0x800344 <cnt2>
			if (sensorMask(MASK0_4)!=0)
    1c38:	80 91 d9 02 	lds	r24, 0x02D9	; 0x8002d9 <sensor>
    1c3c:	8f 70       	andi	r24, 0x0F	; 15
    1c3e:	09 f4       	brne	.+2      	; 0x1c42 <leftLaneChange+0x12c>
    1c40:	75 cf       	rjmp	.-278    	; 0x1b2c <leftLaneChange+0x16>
			{
				cnt1 = 0;
    1c42:	10 92 50 03 	sts	0x0350, r1	; 0x800350 <cnt1+0x1>
    1c46:	10 92 4f 03 	sts	0x034F, r1	; 0x80034f <cnt1>
				
				runCase3 = 58;
    1c4a:	ca e3       	ldi	r28, 0x3A	; 58
				break;
    1c4c:	d0 e0       	ldi	r29, 0x00	; 0
			}
			break;
			case 58:
			while(cnt2 < 300)
			{
				runForwardLine(speedRun);
    1c4e:	6e cf       	rjmp	.-292    	; 0x1b2c <leftLaneChange+0x16>
    1c50:	c8 01       	movw	r24, r16
    1c52:	0e dd       	rcall	.-1508   	; 0x1670 <runForwardLine>
				runCase3 = 58;
				break;
			}
			break;
			case 58:
			while(cnt2 < 300)
    1c54:	80 91 44 03 	lds	r24, 0x0344	; 0x800344 <cnt2>
    1c58:	90 91 45 03 	lds	r25, 0x0345	; 0x800345 <cnt2+0x1>
    1c5c:	8c 32       	cpi	r24, 0x2C	; 44
    1c5e:	91 40       	sbci	r25, 0x01	; 1
    1c60:	b8 f3       	brcs	.-18     	; 0x1c50 <leftLaneChange+0x13a>
			{
				runForwardLine(speedRun);
			}
			cnt2 = 0;
    1c62:	10 92 45 03 	sts	0x0345, r1	; 0x800345 <cnt2+0x1>
    1c66:	10 92 44 03 	sts	0x0344, r1	; 0x800344 <cnt2>
			runCase3 = 59;
    1c6a:	cb e3       	ldi	r28, 0x3B	; 59
			break;
    1c6c:	d0 e0       	ldi	r29, 0x00	; 0
			case 59:
			while(cnt2 < timerBoostAfterChangeLanes)
			{
				runForwardLine(speedBoostAfterChangeLanes);
    1c6e:	5e cf       	rjmp	.-324    	; 0x1b2c <leftLaneChange+0x16>
    1c70:	80 91 2e 03 	lds	r24, 0x032E	; 0x80032e <speedBoostAfterChangeLanes>
    1c74:	90 91 2f 03 	lds	r25, 0x032F	; 0x80032f <speedBoostAfterChangeLanes+0x1>
    1c78:	fb dc       	rcall	.-1546   	; 0x1670 <runForwardLine>
			}
			cnt2 = 0;
			runCase3 = 59;
			break;
			case 59:
			while(cnt2 < timerBoostAfterChangeLanes)
    1c7a:	20 91 44 03 	lds	r18, 0x0344	; 0x800344 <cnt2>
    1c7e:	30 91 45 03 	lds	r19, 0x0345	; 0x800345 <cnt2+0x1>
    1c82:	80 91 28 03 	lds	r24, 0x0328	; 0x800328 <timerBoostAfterChangeLanes>
    1c86:	90 91 29 03 	lds	r25, 0x0329	; 0x800329 <timerBoostAfterChangeLanes+0x1>
    1c8a:	28 17       	cp	r18, r24
    1c8c:	39 07       	cpc	r19, r25
    1c8e:	80 f3       	brcs	.-32     	; 0x1c70 <leftLaneChange+0x15a>
			{
				runForwardLine(speedBoostAfterChangeLanes);
			}
			cnt2 = 0;
    1c90:	10 92 45 03 	sts	0x0345, r1	; 0x800345 <cnt2+0x1>
    1c94:	10 92 44 03 	sts	0x0344, r1	; 0x800344 <cnt2>
			return 11;
    1c98:	8b e0       	ldi	r24, 0x0B	; 11
    1c9a:	90 e0       	ldi	r25, 0x00	; 0
    1c9c:	02 c0       	rjmp	.+4      	; 0x1ca2 <leftLaneChange+0x18c>
			break;
			default:
			return 11;
    1c9e:	8b e0       	ldi	r24, 0x0B	; 11
    1ca0:	90 e0       	ldi	r25, 0x00	; 0

		}
	}
}
    1ca2:	df 91       	pop	r29
    1ca4:	cf 91       	pop	r28
    1ca6:	1f 91       	pop	r17
    1ca8:	0f 91       	pop	r16
    1caa:	08 95       	ret

00001cac <rightLaneChange>:
int rightLaneChange(int speedRun)
{
    1cac:	0f 93       	push	r16
    1cae:	1f 93       	push	r17
    1cb0:	cf 93       	push	r28
    1cb2:	df 93       	push	r29
    1cb4:	8c 01       	movw	r16, r24
	beep_long(100);
    1cb6:	84 e6       	ldi	r24, 0x64	; 100
    1cb8:	90 e0       	ldi	r25, 0x00	; 0
    1cba:	0e 94 9a 03 	call	0x734	; 0x734 <beep_long>
	int runCase4 = 60;
    1cbe:	cc e3       	ldi	r28, 0x3C	; 60
    1cc0:	d0 e0       	ldi	r29, 0x00	; 0
	int cnt1  = 0;
	while (1)
	{
		if (checkCrossLine())
    1cc2:	02 dc       	rcall	.-2044   	; 0x14c8 <checkCrossLine>
    1cc4:	81 11       	cpse	r24, r1
    1cc6:	89 c0       	rjmp	.+274    	; 0x1dda <rightLaneChange+0x12e>
		{
			cnt1 = 0;
			return 21;
		}
		switch (runCase4)
    1cc8:	c2 34       	cpi	r28, 0x42	; 66
    1cca:	d1 05       	cpc	r29, r1
    1ccc:	09 f4       	brne	.+2      	; 0x1cd0 <rightLaneChange+0x24>
    1cce:	47 c0       	rjmp	.+142    	; 0x1d5e <rightLaneChange+0xb2>
    1cd0:	3c f4       	brge	.+14     	; 0x1ce0 <rightLaneChange+0x34>
    1cd2:	cc 33       	cpi	r28, 0x3C	; 60
    1cd4:	d1 05       	cpc	r29, r1
    1cd6:	19 f1       	breq	.+70     	; 0x1d1e <rightLaneChange+0x72>
    1cd8:	cd 33       	cpi	r28, 0x3D	; 61
    1cda:	d1 05       	cpc	r29, r1
    1cdc:	61 f1       	breq	.+88     	; 0x1d36 <rightLaneChange+0x8a>
    1cde:	80 c0       	rjmp	.+256    	; 0x1de0 <rightLaneChange+0x134>
    1ce0:	c4 34       	cpi	r28, 0x44	; 68
    1ce2:	d1 05       	cpc	r29, r1
    1ce4:	31 f0       	breq	.+12     	; 0x1cf2 <rightLaneChange+0x46>
    1ce6:	0c f4       	brge	.+2      	; 0x1cea <rightLaneChange+0x3e>
    1ce8:	45 c0       	rjmp	.+138    	; 0x1d74 <rightLaneChange+0xc8>
    1cea:	c5 34       	cpi	r28, 0x45	; 69
    1cec:	d1 05       	cpc	r29, r1
    1cee:	51 f0       	breq	.+20     	; 0x1d04 <rightLaneChange+0x58>
    1cf0:	77 c0       	rjmp	.+238    	; 0x1de0 <rightLaneChange+0x134>
				runCase4 = 68;
				break;
			}
			break;
			case 68:
			while(cnt2 < 200)
    1cf2:	80 91 44 03 	lds	r24, 0x0344	; 0x800344 <cnt2>
    1cf6:	90 91 45 03 	lds	r25, 0x0345	; 0x800345 <cnt2+0x1>
    1cfa:	88 3c       	cpi	r24, 0xC8	; 200
    1cfc:	91 05       	cpc	r25, r1
    1cfe:	08 f4       	brcc	.+2      	; 0x1d02 <rightLaneChange+0x56>
    1d00:	45 c0       	rjmp	.+138    	; 0x1d8c <rightLaneChange+0xe0>
    1d02:	4d c0       	rjmp	.+154    	; 0x1d9e <rightLaneChange+0xf2>
			runCase4 = 69;
			cnt1 = 0;
			cnt2 = 0;
			break;
			case 69:
			while(cnt2 < timerBoostAfterChangeLanes)
    1d04:	20 91 28 03 	lds	r18, 0x0328	; 0x800328 <timerBoostAfterChangeLanes>
    1d08:	30 91 29 03 	lds	r19, 0x0329	; 0x800329 <timerBoostAfterChangeLanes+0x1>
    1d0c:	80 91 44 03 	lds	r24, 0x0344	; 0x800344 <cnt2>
    1d10:	90 91 45 03 	lds	r25, 0x0345	; 0x800345 <cnt2+0x1>
    1d14:	82 17       	cp	r24, r18
    1d16:	93 07       	cpc	r25, r19
    1d18:	08 f4       	brcc	.+2      	; 0x1d1c <rightLaneChange+0x70>
    1d1a:	48 c0       	rjmp	.+144    	; 0x1dac <rightLaneChange+0x100>
    1d1c:	57 c0       	rjmp	.+174    	; 0x1dcc <rightLaneChange+0x120>
		switch (runCase4)
		{
			case 60:
			if (cnt1 < 50)
			{
				brakeTheCar(speedBrakeChangeLanes,timerBrakeChangeLanes);
    1d1e:	60 91 0a 03 	lds	r22, 0x030A	; 0x80030a <timerBrakeChangeLanes>
    1d22:	70 91 0b 03 	lds	r23, 0x030B	; 0x80030b <timerBrakeChangeLanes+0x1>
    1d26:	80 91 1c 03 	lds	r24, 0x031C	; 0x80031c <speedBrakeChangeLanes>
    1d2a:	90 91 1d 03 	lds	r25, 0x031D	; 0x80031d <speedBrakeChangeLanes+0x1>
    1d2e:	d9 de       	rcall	.-590    	; 0x1ae2 <brakeTheCar>
				runCase4 = 61;
    1d30:	cd e3       	ldi	r28, 0x3D	; 61
    1d32:	d0 e0       	ldi	r29, 0x00	; 0
				break;
    1d34:	c6 cf       	rjmp	.-116    	; 0x1cc2 <rightLaneChange+0x16>
			}
			runForwardLine(speedRun);
			break;
			case 61:
			if (sensorMask (MASK4_4) == 0x00){
    1d36:	80 91 d9 02 	lds	r24, 0x02D9	; 0x8002d9 <sensor>
    1d3a:	81 11       	cpse	r24, r1
    1d3c:	0d c0       	rjmp	.+26     	; 0x1d58 <rightLaneChange+0xac>
				handleAndSpeed (angleChangeLanes,speedRun);
    1d3e:	b8 01       	movw	r22, r16
    1d40:	80 91 26 03 	lds	r24, 0x0326	; 0x800326 <angleChangeLanes>
    1d44:	90 91 27 03 	lds	r25, 0x0327	; 0x800327 <angleChangeLanes+0x1>
    1d48:	db db       	rcall	.-2122   	; 0x1500 <handleAndSpeed>
				runCase4 = 66;
				cnt1 = 0;
				beep_long(100);
    1d4a:	84 e6       	ldi	r24, 0x64	; 100
    1d4c:	90 e0       	ldi	r25, 0x00	; 0
    1d4e:	0e 94 9a 03 	call	0x734	; 0x734 <beep_long>
			runForwardLine(speedRun);
			break;
			case 61:
			if (sensorMask (MASK4_4) == 0x00){
				handleAndSpeed (angleChangeLanes,speedRun);
				runCase4 = 66;
    1d52:	c2 e4       	ldi	r28, 0x42	; 66
				cnt1 = 0;
				beep_long(100);
				break;
    1d54:	d0 e0       	ldi	r29, 0x00	; 0
			}
			else
			{
				runForwardLine(speedRun);
    1d56:	b5 cf       	rjmp	.-150    	; 0x1cc2 <rightLaneChange+0x16>
    1d58:	c8 01       	movw	r24, r16
    1d5a:	8a dc       	rcall	.-1772   	; 0x1670 <runForwardLine>
    1d5c:	b2 cf       	rjmp	.-156    	; 0x1cc2 <rightLaneChange+0x16>
				
				return 11;
			}
			break;
			case 66:
			if (sensorMask(0x01)!=0)
    1d5e:	80 91 d9 02 	lds	r24, 0x02D9	; 0x8002d9 <sensor>
    1d62:	80 ff       	sbrs	r24, 0
			{
				cnt1 = 0;
				handleAndSpeed(0,speedRun);
    1d64:	ae cf       	rjmp	.-164    	; 0x1cc2 <rightLaneChange+0x16>
    1d66:	b8 01       	movw	r22, r16
    1d68:	80 e0       	ldi	r24, 0x00	; 0
    1d6a:	90 e0       	ldi	r25, 0x00	; 0
    1d6c:	c9 db       	rcall	.-2158   	; 0x1500 <handleAndSpeed>
				runCase4 = 67;
    1d6e:	c3 e4       	ldi	r28, 0x43	; 67
    1d70:	d0 e0       	ldi	r29, 0x00	; 0
    1d72:	a7 cf       	rjmp	.-178    	; 0x1cc2 <rightLaneChange+0x16>
			}
			break;
			case 67:
			cnt2 = 0;
    1d74:	10 92 45 03 	sts	0x0345, r1	; 0x800345 <cnt2+0x1>
    1d78:	10 92 44 03 	sts	0x0344, r1	; 0x800344 <cnt2>
			if (sensorMask(MASK4_0)!=0)
    1d7c:	80 91 d9 02 	lds	r24, 0x02D9	; 0x8002d9 <sensor>
    1d80:	80 7f       	andi	r24, 0xF0	; 240
    1d82:	09 f4       	brne	.+2      	; 0x1d86 <rightLaneChange+0xda>
			{
				cnt1 = 0;
				
				runCase4 = 68;
    1d84:	9e cf       	rjmp	.-196    	; 0x1cc2 <rightLaneChange+0x16>
    1d86:	c4 e4       	ldi	r28, 0x44	; 68
    1d88:	d0 e0       	ldi	r29, 0x00	; 0
			}
			break;
			case 68:
			while(cnt2 < 200)
			{
				runForwardLine(speedRun);
    1d8a:	9b cf       	rjmp	.-202    	; 0x1cc2 <rightLaneChange+0x16>
    1d8c:	c8 01       	movw	r24, r16
    1d8e:	70 dc       	rcall	.-1824   	; 0x1670 <runForwardLine>
				runCase4 = 68;
				break;
			}
			break;
			case 68:
			while(cnt2 < 200)
    1d90:	80 91 44 03 	lds	r24, 0x0344	; 0x800344 <cnt2>
    1d94:	90 91 45 03 	lds	r25, 0x0345	; 0x800345 <cnt2+0x1>
    1d98:	88 3c       	cpi	r24, 0xC8	; 200
    1d9a:	91 05       	cpc	r25, r1
    1d9c:	b8 f3       	brcs	.-18     	; 0x1d8c <rightLaneChange+0xe0>
			{
				runForwardLine(speedRun);
			}
			runCase4 = 69;
			cnt1 = 0;
			cnt2 = 0;
    1d9e:	10 92 45 03 	sts	0x0345, r1	; 0x800345 <cnt2+0x1>
    1da2:	10 92 44 03 	sts	0x0344, r1	; 0x800344 <cnt2>
			case 68:
			while(cnt2 < 200)
			{
				runForwardLine(speedRun);
			}
			runCase4 = 69;
    1da6:	c5 e4       	ldi	r28, 0x45	; 69
			cnt1 = 0;
			cnt2 = 0;
			break;
    1da8:	d0 e0       	ldi	r29, 0x00	; 0
			case 69:
			while(cnt2 < timerBoostAfterChangeLanes)
			{
				runForwardLine(speedBoostAfterChangeLanes);
    1daa:	8b cf       	rjmp	.-234    	; 0x1cc2 <rightLaneChange+0x16>
    1dac:	80 91 2e 03 	lds	r24, 0x032E	; 0x80032e <speedBoostAfterChangeLanes>
    1db0:	90 91 2f 03 	lds	r25, 0x032F	; 0x80032f <speedBoostAfterChangeLanes+0x1>
    1db4:	5d dc       	rcall	.-1862   	; 0x1670 <runForwardLine>
			runCase4 = 69;
			cnt1 = 0;
			cnt2 = 0;
			break;
			case 69:
			while(cnt2 < timerBoostAfterChangeLanes)
    1db6:	20 91 44 03 	lds	r18, 0x0344	; 0x800344 <cnt2>
    1dba:	30 91 45 03 	lds	r19, 0x0345	; 0x800345 <cnt2+0x1>
    1dbe:	80 91 28 03 	lds	r24, 0x0328	; 0x800328 <timerBoostAfterChangeLanes>
    1dc2:	90 91 29 03 	lds	r25, 0x0329	; 0x800329 <timerBoostAfterChangeLanes+0x1>
    1dc6:	28 17       	cp	r18, r24
    1dc8:	39 07       	cpc	r19, r25
    1dca:	80 f3       	brcs	.-32     	; 0x1dac <rightLaneChange+0x100>
			{
				runForwardLine(speedBoostAfterChangeLanes);
			}
			cnt1 = 0;
			cnt2 = 0;
    1dcc:	10 92 45 03 	sts	0x0345, r1	; 0x800345 <cnt2+0x1>
    1dd0:	10 92 44 03 	sts	0x0344, r1	; 0x800344 <cnt2>
			return 11;
    1dd4:	8b e0       	ldi	r24, 0x0B	; 11
    1dd6:	90 e0       	ldi	r25, 0x00	; 0
    1dd8:	05 c0       	rjmp	.+10     	; 0x1de4 <rightLaneChange+0x138>
	while (1)
	{
		if (checkCrossLine())
		{
			cnt1 = 0;
			return 21;
    1dda:	85 e1       	ldi	r24, 0x15	; 21
    1ddc:	90 e0       	ldi	r25, 0x00	; 0
    1dde:	02 c0       	rjmp	.+4      	; 0x1de4 <rightLaneChange+0x138>
			cnt1 = 0;
			cnt2 = 0;
			return 11;
			break;
			default:
			return 11;
    1de0:	8b e0       	ldi	r24, 0x0B	; 11
    1de2:	90 e0       	ldi	r25, 0x00	; 0

		}
	}
}
    1de4:	df 91       	pop	r29
    1de6:	cf 91       	pop	r28
    1de8:	1f 91       	pop	r17
    1dea:	0f 91       	pop	r16
    1dec:	08 95       	ret

00001dee <runForwardLine90>:
		speed(0,0);
		break;
	}
}
void runForwardLine90 (int speedRun90)
{
    1dee:	bc 01       	movw	r22, r24
	switch(sensor) {
    1df0:	80 91 d9 02 	lds	r24, 0x02D9	; 0x8002d9 <sensor>
    1df4:	90 e0       	ldi	r25, 0x00	; 0
    1df6:	81 3f       	cpi	r24, 0xF1	; 241
    1df8:	91 05       	cpc	r25, r1
    1dfa:	08 f0       	brcs	.+2      	; 0x1dfe <runForwardLine90+0x10>
    1dfc:	eb c1       	rjmp	.+982    	; 0x21d4 <__DATA_REGION_LENGTH__+0x1d4>
    1dfe:	fc 01       	movw	r30, r24
    1e00:	88 27       	eor	r24, r24
    1e02:	e4 59       	subi	r30, 0x94	; 148
    1e04:	fe 4f       	sbci	r31, 0xFE	; 254
    1e06:	8f 4f       	sbci	r24, 0xFF	; 255
    1e08:	0c 94 74 17 	jmp	0x2ee8	; 0x2ee8 <__tablejump2__>
		case 0x18:// 00011000
		case 0x3c:// 00111100
		handleAndSpeed(angle0,speedRun90);
    1e0c:	80 91 38 03 	lds	r24, 0x0338	; 0x800338 <angle0>
    1e10:	90 91 39 03 	lds	r25, 0x0339	; 0x800339 <angle0+0x1>
    1e14:	75 db       	rcall	.-2326   	; 0x1500 <handleAndSpeed>
		curveFlag = 0;
    1e16:	10 92 46 03 	sts	0x0346, r1	; 0x800346 <curveFlag>
		sensorPos = 0;
    1e1a:	10 92 32 03 	sts	0x0332, r1	; 0x800332 <sensorPos>
		straightLine = 1;
    1e1e:	81 e0       	ldi	r24, 0x01	; 1
    1e20:	80 93 33 03 	sts	0x0333, r24	; 0x800333 <straightLine>
		break;
    1e24:	08 95       	ret
		case 0x1C:// 00011100
		case 0x08:// 00001000
		if ( sensorPos < -3)
    1e26:	80 91 32 03 	lds	r24, 0x0332	; 0x800332 <sensorPos>
    1e2a:	8d 3f       	cpi	r24, 0xFD	; 253
    1e2c:	34 f4       	brge	.+12     	; 0x1e3a <runForwardLine90+0x4c>
		{
			handleAndSpeed (-30,0);
    1e2e:	60 e0       	ldi	r22, 0x00	; 0
    1e30:	70 e0       	ldi	r23, 0x00	; 0
    1e32:	82 ee       	ldi	r24, 0xE2	; 226
    1e34:	9f ef       	ldi	r25, 0xFF	; 255
    1e36:	64 cb       	rjmp	.-2360   	; 0x1500 <handleAndSpeed>
			break;
    1e38:	08 95       	ret
		}
		else
		handleAndSpeed(angle1,speedRun90);
    1e3a:	80 91 1e 03 	lds	r24, 0x031E	; 0x80031e <angle1>
    1e3e:	90 91 1f 03 	lds	r25, 0x031F	; 0x80031f <angle1+0x1>
    1e42:	5e db       	rcall	.-2372   	; 0x1500 <handleAndSpeed>
		curveFlag = 0;
    1e44:	10 92 46 03 	sts	0x0346, r1	; 0x800346 <curveFlag>
		sensorPos = 1;
    1e48:	81 e0       	ldi	r24, 0x01	; 1
    1e4a:	80 93 32 03 	sts	0x0332, r24	; 0x800332 <sensorPos>
		straightLine = 1;
    1e4e:	80 93 33 03 	sts	0x0333, r24	; 0x800333 <straightLine>
		break;
    1e52:	08 95       	ret
		case 0x0c:// 00001100
		case 0x1e:// 00011110
		if ( sensorPos < -3)
    1e54:	80 91 32 03 	lds	r24, 0x0332	; 0x800332 <sensorPos>
    1e58:	8d 3f       	cpi	r24, 0xFD	; 253
    1e5a:	34 f4       	brge	.+12     	; 0x1e68 <runForwardLine90+0x7a>
		{
			handleAndSpeed(-30,0);
    1e5c:	60 e0       	ldi	r22, 0x00	; 0
    1e5e:	70 e0       	ldi	r23, 0x00	; 0
    1e60:	82 ee       	ldi	r24, 0xE2	; 226
    1e62:	9f ef       	ldi	r25, 0xFF	; 255
    1e64:	4d cb       	rjmp	.-2406   	; 0x1500 <handleAndSpeed>
			break;
    1e66:	08 95       	ret
		}
		else
		handleAndSpeed(angle2,speedRun90);
    1e68:	80 91 24 03 	lds	r24, 0x0324	; 0x800324 <angle2>
    1e6c:	90 91 25 03 	lds	r25, 0x0325	; 0x800325 <angle2+0x1>
    1e70:	47 db       	rcall	.-2418   	; 0x1500 <handleAndSpeed>
		curveFlag = 0;
    1e72:	10 92 46 03 	sts	0x0346, r1	; 0x800346 <curveFlag>
		sensorPos = 2;
    1e76:	82 e0       	ldi	r24, 0x02	; 2
    1e78:	80 93 32 03 	sts	0x0332, r24	; 0x800332 <sensorPos>
		straightLine = 1;
    1e7c:	81 e0       	ldi	r24, 0x01	; 1
    1e7e:	80 93 33 03 	sts	0x0333, r24	; 0x800333 <straightLine>
		break;
    1e82:	08 95       	ret
		case 0x04:// 00000100
		case 0x0e:// 00001110
		if ( sensorPos < -3)
    1e84:	80 91 32 03 	lds	r24, 0x0332	; 0x800332 <sensorPos>
    1e88:	8d 3f       	cpi	r24, 0xFD	; 253
		{
			handleAndSpeed(-30,0);
    1e8a:	34 f4       	brge	.+12     	; 0x1e98 <runForwardLine90+0xaa>
    1e8c:	60 e0       	ldi	r22, 0x00	; 0
    1e8e:	70 e0       	ldi	r23, 0x00	; 0
    1e90:	82 ee       	ldi	r24, 0xE2	; 226
    1e92:	9f ef       	ldi	r25, 0xFF	; 255
    1e94:	35 cb       	rjmp	.-2454   	; 0x1500 <handleAndSpeed>
			break;
    1e96:	08 95       	ret
		}
		else if (brakeCurve > 11)
    1e98:	80 91 47 03 	lds	r24, 0x0347	; 0x800347 <brakeCurve>
    1e9c:	90 91 48 03 	lds	r25, 0x0348	; 0x800348 <brakeCurve+0x1>
    1ea0:	0c 97       	sbiw	r24, 0x0c	; 12
    1ea2:	50 f0       	brcs	.+20     	; 0x1eb8 <runForwardLine90+0xca>
		{
			handle(7);
    1ea4:	87 e0       	ldi	r24, 0x07	; 7
    1ea6:	90 e0       	ldi	r25, 0x00	; 0
    1ea8:	0e 94 64 04 	call	0x8c8	; 0x8c8 <handle>
			speed(-20,-20);
    1eac:	6c ee       	ldi	r22, 0xEC	; 236
    1eae:	7f ef       	ldi	r23, 0xFF	; 255
    1eb0:	8c ee       	ldi	r24, 0xEC	; 236
    1eb2:	9f ef       	ldi	r25, 0xFF	; 255
    1eb4:	9c d5       	rcall	.+2872   	; 0x29ee <speed>
		}
		else
		handleAndSpeed(angle3,speedRun90);
    1eb6:	05 c0       	rjmp	.+10     	; 0x1ec2 <runForwardLine90+0xd4>
    1eb8:	80 91 3a 03 	lds	r24, 0x033A	; 0x80033a <angle3>
    1ebc:	90 91 3b 03 	lds	r25, 0x033B	; 0x80033b <angle3+0x1>
    1ec0:	1f db       	rcall	.-2498   	; 0x1500 <handleAndSpeed>
		curveFlag = 1;
    1ec2:	81 e0       	ldi	r24, 0x01	; 1
    1ec4:	80 93 46 03 	sts	0x0346, r24	; 0x800346 <curveFlag>
		sensorPos = 3;
    1ec8:	83 e0       	ldi	r24, 0x03	; 3
    1eca:	80 93 32 03 	sts	0x0332, r24	; 0x800332 <sensorPos>
		straightLine = 0;
    1ece:	10 92 33 03 	sts	0x0333, r1	; 0x800333 <straightLine>
		break;
    1ed2:	08 95       	ret
		case 0x06:// 00000110
		if ( sensorPos < -3)
    1ed4:	80 91 32 03 	lds	r24, 0x0332	; 0x800332 <sensorPos>
    1ed8:	8d 3f       	cpi	r24, 0xFD	; 253
		{
			handleAndSpeed(-30,0);
    1eda:	34 f4       	brge	.+12     	; 0x1ee8 <runForwardLine90+0xfa>
    1edc:	60 e0       	ldi	r22, 0x00	; 0
    1ede:	70 e0       	ldi	r23, 0x00	; 0
    1ee0:	82 ee       	ldi	r24, 0xE2	; 226
    1ee2:	9f ef       	ldi	r25, 0xFF	; 255
    1ee4:	0d cb       	rjmp	.-2534   	; 0x1500 <handleAndSpeed>
			break;
    1ee6:	08 95       	ret
		}
		else if (brakeCurve > 11)
    1ee8:	80 91 47 03 	lds	r24, 0x0347	; 0x800347 <brakeCurve>
    1eec:	90 91 48 03 	lds	r25, 0x0348	; 0x800348 <brakeCurve+0x1>
    1ef0:	0c 97       	sbiw	r24, 0x0c	; 12
		{
			handle(15);
    1ef2:	50 f0       	brcs	.+20     	; 0x1f08 <runForwardLine90+0x11a>
    1ef4:	8f e0       	ldi	r24, 0x0F	; 15
    1ef6:	90 e0       	ldi	r25, 0x00	; 0
    1ef8:	0e 94 64 04 	call	0x8c8	; 0x8c8 <handle>
			speed(-20,-20);
    1efc:	6c ee       	ldi	r22, 0xEC	; 236
    1efe:	7f ef       	ldi	r23, 0xFF	; 255
    1f00:	8c ee       	ldi	r24, 0xEC	; 236
    1f02:	9f ef       	ldi	r25, 0xFF	; 255
    1f04:	74 d5       	rcall	.+2792   	; 0x29ee <speed>
		}
		else
		handleAndSpeed(angle4,speedRun90);
    1f06:	05 c0       	rjmp	.+10     	; 0x1f12 <runForwardLine90+0x124>
    1f08:	80 91 20 03 	lds	r24, 0x0320	; 0x800320 <angle4>
    1f0c:	90 91 21 03 	lds	r25, 0x0321	; 0x800321 <angle4+0x1>
    1f10:	f7 da       	rcall	.-2578   	; 0x1500 <handleAndSpeed>
		curveFlag = 1;
    1f12:	81 e0       	ldi	r24, 0x01	; 1
    1f14:	80 93 46 03 	sts	0x0346, r24	; 0x800346 <curveFlag>
		sensorPos = 4;
    1f18:	84 e0       	ldi	r24, 0x04	; 4
    1f1a:	80 93 32 03 	sts	0x0332, r24	; 0x800332 <sensorPos>
		straightLine = 0;
    1f1e:	10 92 33 03 	sts	0x0333, r1	; 0x800333 <straightLine>
		break;
		case 0x02:// 00000010
		case 0x07:// 00000111
		if ( sensorPos < -3)
    1f22:	08 95       	ret
    1f24:	80 91 32 03 	lds	r24, 0x0332	; 0x800332 <sensorPos>
    1f28:	8d 3f       	cpi	r24, 0xFD	; 253
		{
			handleAndSpeed(-30,0);
    1f2a:	34 f4       	brge	.+12     	; 0x1f38 <runForwardLine90+0x14a>
    1f2c:	60 e0       	ldi	r22, 0x00	; 0
    1f2e:	70 e0       	ldi	r23, 0x00	; 0
    1f30:	82 ee       	ldi	r24, 0xE2	; 226
    1f32:	9f ef       	ldi	r25, 0xFF	; 255
    1f34:	e5 ca       	rjmp	.-2614   	; 0x1500 <handleAndSpeed>
			break;
    1f36:	08 95       	ret
		}
		else if (brakeCurve > 11)
    1f38:	80 91 47 03 	lds	r24, 0x0347	; 0x800347 <brakeCurve>
    1f3c:	90 91 48 03 	lds	r25, 0x0348	; 0x800348 <brakeCurve+0x1>
    1f40:	0c 97       	sbiw	r24, 0x0c	; 12
		{
			handle(15);
    1f42:	50 f0       	brcs	.+20     	; 0x1f58 <runForwardLine90+0x16a>
    1f44:	8f e0       	ldi	r24, 0x0F	; 15
    1f46:	90 e0       	ldi	r25, 0x00	; 0
			speed(-20,-20);
    1f48:	0e 94 64 04 	call	0x8c8	; 0x8c8 <handle>
    1f4c:	6c ee       	ldi	r22, 0xEC	; 236
    1f4e:	7f ef       	ldi	r23, 0xFF	; 255
    1f50:	8c ee       	ldi	r24, 0xEC	; 236
    1f52:	9f ef       	ldi	r25, 0xFF	; 255
    1f54:	4c d5       	rcall	.+2712   	; 0x29ee <speed>
		}
		else
		handleAndSpeed(angle5,speedRun90);
    1f56:	05 c0       	rjmp	.+10     	; 0x1f62 <runForwardLine90+0x174>
    1f58:	80 91 36 03 	lds	r24, 0x0336	; 0x800336 <angle5>
    1f5c:	90 91 37 03 	lds	r25, 0x0337	; 0x800337 <angle5+0x1>
    1f60:	cf da       	rcall	.-2658   	; 0x1500 <handleAndSpeed>
		curveFlag = 1;
    1f62:	81 e0       	ldi	r24, 0x01	; 1
    1f64:	80 93 46 03 	sts	0x0346, r24	; 0x800346 <curveFlag>
		sensorPos = 5;
    1f68:	85 e0       	ldi	r24, 0x05	; 5
    1f6a:	80 93 32 03 	sts	0x0332, r24	; 0x800332 <sensorPos>
		straightLine = 0;
    1f6e:	10 92 33 03 	sts	0x0333, r1	; 0x800333 <straightLine>
		break;
		case 0x03:// 00000011
		if ( sensorPos < -3)
    1f72:	08 95       	ret
    1f74:	80 91 32 03 	lds	r24, 0x0332	; 0x800332 <sensorPos>
		{
			handleAndSpeed(-30,0);
    1f78:	8d 3f       	cpi	r24, 0xFD	; 253
    1f7a:	34 f4       	brge	.+12     	; 0x1f88 <runForwardLine90+0x19a>
    1f7c:	60 e0       	ldi	r22, 0x00	; 0
    1f7e:	70 e0       	ldi	r23, 0x00	; 0
    1f80:	82 ee       	ldi	r24, 0xE2	; 226
    1f82:	9f ef       	ldi	r25, 0xFF	; 255
			break;
    1f84:	bd ca       	rjmp	.-2694   	; 0x1500 <handleAndSpeed>
		}
		else
		handleAndSpeed(angle6,speedRun90);
    1f86:	08 95       	ret
    1f88:	80 91 18 03 	lds	r24, 0x0318	; 0x800318 <angle6>
    1f8c:	90 91 19 03 	lds	r25, 0x0319	; 0x800319 <angle6+0x1>
    1f90:	b7 da       	rcall	.-2706   	; 0x1500 <handleAndSpeed>
		curveFlag = 1;
    1f92:	81 e0       	ldi	r24, 0x01	; 1
    1f94:	80 93 46 03 	sts	0x0346, r24	; 0x800346 <curveFlag>
		sensorPos = 6;
    1f98:	86 e0       	ldi	r24, 0x06	; 6
    1f9a:	80 93 32 03 	sts	0x0332, r24	; 0x800332 <sensorPos>
		straightLine = 0;
		break;
    1f9e:	10 92 33 03 	sts	0x0333, r1	; 0x800333 <straightLine>
		case 0x01:// 00000001
		if ( sensorPos < -3)
    1fa2:	08 95       	ret
    1fa4:	80 91 32 03 	lds	r24, 0x0332	; 0x800332 <sensorPos>
		{
			handleAndSpeed(-30,0);
    1fa8:	8d 3f       	cpi	r24, 0xFD	; 253
    1faa:	34 f4       	brge	.+12     	; 0x1fb8 <runForwardLine90+0x1ca>
    1fac:	60 e0       	ldi	r22, 0x00	; 0
    1fae:	70 e0       	ldi	r23, 0x00	; 0
    1fb0:	82 ee       	ldi	r24, 0xE2	; 226
    1fb2:	9f ef       	ldi	r25, 0xFF	; 255
			break;
    1fb4:	a5 ca       	rjmp	.-2742   	; 0x1500 <handleAndSpeed>
		}
		handleAndSpeed(angle7,speedRun90);
    1fb6:	08 95       	ret
    1fb8:	80 91 3c 03 	lds	r24, 0x033C	; 0x80033c <angle7>
    1fbc:	90 91 3d 03 	lds	r25, 0x033D	; 0x80033d <angle7+0x1>
		curveFlag = 1;   //RYGB(0,0,0,0);
    1fc0:	9f da       	rcall	.-2754   	; 0x1500 <handleAndSpeed>
    1fc2:	81 e0       	ldi	r24, 0x01	; 1
    1fc4:	80 93 46 03 	sts	0x0346, r24	; 0x800346 <curveFlag>
		straightLine = 0;
    1fc8:	10 92 33 03 	sts	0x0333, r1	; 0x800333 <straightLine>
		sensorPos = 6;
    1fcc:	86 e0       	ldi	r24, 0x06	; 6
    1fce:	80 93 32 03 	sts	0x0332, r24	; 0x800332 <sensorPos>
		break;
		case 0x81:// 10000001
		case 0xc1:// 11000001
		case 0x00:// 00000000
		case 0x83:// 10000011
		if ( sensorPos < -4)
    1fd2:	08 95       	ret
    1fd4:	80 91 32 03 	lds	r24, 0x0332	; 0x800332 <sensorPos>
		{
			handleAndSpeed(-30,0);
    1fd8:	8c 3f       	cpi	r24, 0xFC	; 252
    1fda:	34 f4       	brge	.+12     	; 0x1fe8 <runForwardLine90+0x1fa>
    1fdc:	60 e0       	ldi	r22, 0x00	; 0
    1fde:	70 e0       	ldi	r23, 0x00	; 0
    1fe0:	82 ee       	ldi	r24, 0xE2	; 226
			break;
    1fe2:	9f ef       	ldi	r25, 0xFF	; 255
		}
		else if ( sensorPos > 4)
    1fe4:	8d ca       	rjmp	.-2790   	; 0x1500 <handleAndSpeed>
    1fe6:	08 95       	ret
    1fe8:	85 30       	cpi	r24, 0x05	; 5
		{
			handleAndSpeed(30,0);
    1fea:	0c f4       	brge	.+2      	; 0x1fee <runForwardLine90+0x200>
    1fec:	fb c0       	rjmp	.+502    	; 0x21e4 <__DATA_REGION_LENGTH__+0x1e4>
    1fee:	60 e0       	ldi	r22, 0x00	; 0
    1ff0:	70 e0       	ldi	r23, 0x00	; 0
    1ff2:	8e e1       	ldi	r24, 0x1E	; 30
			break;
    1ff4:	90 e0       	ldi	r25, 0x00	; 0
		}
		break;
		case 0x10:// 00010000
		case 0x38:// 00111000
		if ( sensorPos > 3)
    1ff6:	84 ca       	rjmp	.-2808   	; 0x1500 <handleAndSpeed>
    1ff8:	08 95       	ret
    1ffa:	80 91 32 03 	lds	r24, 0x0332	; 0x800332 <sensorPos>
		{
			handleAndSpeed(30,0);
    1ffe:	84 30       	cpi	r24, 0x04	; 4
    2000:	34 f0       	brlt	.+12     	; 0x200e <__DATA_REGION_LENGTH__+0xe>
    2002:	60 e0       	ldi	r22, 0x00	; 0
    2004:	70 e0       	ldi	r23, 0x00	; 0
    2006:	8e e1       	ldi	r24, 0x1E	; 30
    2008:	90 e0       	ldi	r25, 0x00	; 0
			break;
    200a:	7a ca       	rjmp	.-2828   	; 0x1500 <handleAndSpeed>
		}
		else
		handleAndSpeedMicro (-angle1,speedRun90);
    200c:	08 95       	ret
    200e:	80 91 1e 03 	lds	r24, 0x031E	; 0x80031e <angle1>
    2012:	90 91 1f 03 	lds	r25, 0x031F	; 0x80031f <angle1+0x1>
    2016:	91 95       	neg	r25
    2018:	81 95       	neg	r24
    201a:	91 09       	sbc	r25, r1
		curveFlag = 0;
    201c:	c6 da       	rcall	.-2676   	; 0x15aa <handleAndSpeedMicro>
    201e:	10 92 46 03 	sts	0x0346, r1	; 0x800346 <curveFlag>
		sensorPos = -1;
    2022:	8f ef       	ldi	r24, 0xFF	; 255
		straightLine = 1;
    2024:	80 93 32 03 	sts	0x0332, r24	; 0x800332 <sensorPos>
    2028:	81 e0       	ldi	r24, 0x01	; 1
		break;
    202a:	80 93 33 03 	sts	0x0333, r24	; 0x800333 <straightLine>
		case 0x30:// 00110000
		case 0x78:// 01111000
		if ( sensorPos > 3)
    202e:	08 95       	ret
    2030:	80 91 32 03 	lds	r24, 0x0332	; 0x800332 <sensorPos>
		{
			handleAndSpeed(30,0);
    2034:	84 30       	cpi	r24, 0x04	; 4
    2036:	34 f0       	brlt	.+12     	; 0x2044 <__DATA_REGION_LENGTH__+0x44>
    2038:	60 e0       	ldi	r22, 0x00	; 0
    203a:	70 e0       	ldi	r23, 0x00	; 0
    203c:	8e e1       	ldi	r24, 0x1E	; 30
    203e:	90 e0       	ldi	r25, 0x00	; 0
			break;
    2040:	5f ca       	rjmp	.-2882   	; 0x1500 <handleAndSpeed>
		}
		else
		handleAndSpeed(-angle2,speedRun90);
    2042:	08 95       	ret
    2044:	80 91 24 03 	lds	r24, 0x0324	; 0x800324 <angle2>
    2048:	90 91 25 03 	lds	r25, 0x0325	; 0x800325 <angle2+0x1>
    204c:	91 95       	neg	r25
    204e:	81 95       	neg	r24
    2050:	91 09       	sbc	r25, r1
		curveFlag = 0;
    2052:	56 da       	rcall	.-2900   	; 0x1500 <handleAndSpeed>
    2054:	10 92 46 03 	sts	0x0346, r1	; 0x800346 <curveFlag>
		sensorPos = -2;
    2058:	8e ef       	ldi	r24, 0xFE	; 254
    205a:	80 93 32 03 	sts	0x0332, r24	; 0x800332 <sensorPos>
		straightLine = 1;
    205e:	81 e0       	ldi	r24, 0x01	; 1
    2060:	80 93 33 03 	sts	0x0333, r24	; 0x800333 <straightLine>
		break;
		case 0x20:// 00100000
		case 0x70:// 01110000
		if ( sensorPos > 3)
    2064:	08 95       	ret
    2066:	80 91 32 03 	lds	r24, 0x0332	; 0x800332 <sensorPos>
		{
			handleAndSpeed(30,0);
    206a:	84 30       	cpi	r24, 0x04	; 4
    206c:	34 f0       	brlt	.+12     	; 0x207a <__DATA_REGION_LENGTH__+0x7a>
    206e:	60 e0       	ldi	r22, 0x00	; 0
    2070:	70 e0       	ldi	r23, 0x00	; 0
    2072:	8e e1       	ldi	r24, 0x1E	; 30
			break;
    2074:	90 e0       	ldi	r25, 0x00	; 0
		}
		else if (brakeCurve > 11)
    2076:	44 ca       	rjmp	.-2936   	; 0x1500 <handleAndSpeed>
    2078:	08 95       	ret
    207a:	80 91 47 03 	lds	r24, 0x0347	; 0x800347 <brakeCurve>
    207e:	90 91 48 03 	lds	r25, 0x0348	; 0x800348 <brakeCurve+0x1>
		{
			handle(-7);
    2082:	0c 97       	sbiw	r24, 0x0c	; 12
    2084:	50 f0       	brcs	.+20     	; 0x209a <__DATA_REGION_LENGTH__+0x9a>
    2086:	89 ef       	ldi	r24, 0xF9	; 249
    2088:	9f ef       	ldi	r25, 0xFF	; 255
			speed(-20,-20);
    208a:	0e 94 64 04 	call	0x8c8	; 0x8c8 <handle>
    208e:	6c ee       	ldi	r22, 0xEC	; 236
    2090:	7f ef       	ldi	r23, 0xFF	; 255
    2092:	8c ee       	ldi	r24, 0xEC	; 236
    2094:	9f ef       	ldi	r25, 0xFF	; 255
		}
		else
		handleAndSpeed(-angle3,speedRun90);
    2096:	ab d4       	rcall	.+2390   	; 0x29ee <speed>
    2098:	08 c0       	rjmp	.+16     	; 0x20aa <__DATA_REGION_LENGTH__+0xaa>
    209a:	80 91 3a 03 	lds	r24, 0x033A	; 0x80033a <angle3>
    209e:	90 91 3b 03 	lds	r25, 0x033B	; 0x80033b <angle3+0x1>
    20a2:	91 95       	neg	r25
    20a4:	81 95       	neg	r24
    20a6:	91 09       	sbc	r25, r1
		curveFlag = 1;
    20a8:	2b da       	rcall	.-2986   	; 0x1500 <handleAndSpeed>
    20aa:	81 e0       	ldi	r24, 0x01	; 1
    20ac:	80 93 46 03 	sts	0x0346, r24	; 0x800346 <curveFlag>
		sensorPos = -3;
    20b0:	8d ef       	ldi	r24, 0xFD	; 253
    20b2:	80 93 32 03 	sts	0x0332, r24	; 0x800332 <sensorPos>
		straightLine = 0;
		break;
    20b6:	10 92 33 03 	sts	0x0333, r1	; 0x800333 <straightLine>
		case 0x60:// 01100000
		if ( sensorPos > 3)
    20ba:	08 95       	ret
    20bc:	80 91 32 03 	lds	r24, 0x0332	; 0x800332 <sensorPos>
		{
			handleAndSpeed(30,0);
    20c0:	84 30       	cpi	r24, 0x04	; 4
    20c2:	34 f0       	brlt	.+12     	; 0x20d0 <__DATA_REGION_LENGTH__+0xd0>
    20c4:	60 e0       	ldi	r22, 0x00	; 0
    20c6:	70 e0       	ldi	r23, 0x00	; 0
    20c8:	8e e1       	ldi	r24, 0x1E	; 30
			break;
    20ca:	90 e0       	ldi	r25, 0x00	; 0
		}
		else if (brakeCurve > 11)
    20cc:	19 ca       	rjmp	.-3022   	; 0x1500 <handleAndSpeed>
    20ce:	08 95       	ret
    20d0:	80 91 47 03 	lds	r24, 0x0347	; 0x800347 <brakeCurve>
    20d4:	90 91 48 03 	lds	r25, 0x0348	; 0x800348 <brakeCurve+0x1>
		{
			handle(-15);
    20d8:	0c 97       	sbiw	r24, 0x0c	; 12
    20da:	50 f0       	brcs	.+20     	; 0x20f0 <__DATA_REGION_LENGTH__+0xf0>
    20dc:	81 ef       	ldi	r24, 0xF1	; 241
    20de:	9f ef       	ldi	r25, 0xFF	; 255
			speed(-20,-20);
    20e0:	0e 94 64 04 	call	0x8c8	; 0x8c8 <handle>
    20e4:	6c ee       	ldi	r22, 0xEC	; 236
    20e6:	7f ef       	ldi	r23, 0xFF	; 255
    20e8:	8c ee       	ldi	r24, 0xEC	; 236
    20ea:	9f ef       	ldi	r25, 0xFF	; 255
		}
		else
		handleAndSpeed(-angle4,speedRun90);
    20ec:	80 d4       	rcall	.+2304   	; 0x29ee <speed>
    20ee:	08 c0       	rjmp	.+16     	; 0x2100 <__DATA_REGION_LENGTH__+0x100>
    20f0:	80 91 20 03 	lds	r24, 0x0320	; 0x800320 <angle4>
    20f4:	90 91 21 03 	lds	r25, 0x0321	; 0x800321 <angle4+0x1>
    20f8:	91 95       	neg	r25
    20fa:	81 95       	neg	r24
    20fc:	91 09       	sbc	r25, r1
		curveFlag = 1;
    20fe:	00 da       	rcall	.-3072   	; 0x1500 <handleAndSpeed>
    2100:	81 e0       	ldi	r24, 0x01	; 1
    2102:	80 93 46 03 	sts	0x0346, r24	; 0x800346 <curveFlag>
		sensorPos = -4;
    2106:	8c ef       	ldi	r24, 0xFC	; 252
		straightLine = 0;
    2108:	80 93 32 03 	sts	0x0332, r24	; 0x800332 <sensorPos>
		break;
    210c:	10 92 33 03 	sts	0x0333, r1	; 0x800333 <straightLine>
		case 0x40:// 01000000
		case 0xe0:// 11100000
		if ( sensorPos > 3)
    2110:	08 95       	ret
    2112:	80 91 32 03 	lds	r24, 0x0332	; 0x800332 <sensorPos>
		{
			handleAndSpeed(30,0);
    2116:	84 30       	cpi	r24, 0x04	; 4
    2118:	34 f0       	brlt	.+12     	; 0x2126 <__DATA_REGION_LENGTH__+0x126>
    211a:	60 e0       	ldi	r22, 0x00	; 0
    211c:	70 e0       	ldi	r23, 0x00	; 0
    211e:	8e e1       	ldi	r24, 0x1E	; 30
			break;
    2120:	90 e0       	ldi	r25, 0x00	; 0
		}
		else if (brakeCurve > 11)
    2122:	ee c9       	rjmp	.-3108   	; 0x1500 <handleAndSpeed>
    2124:	08 95       	ret
    2126:	80 91 47 03 	lds	r24, 0x0347	; 0x800347 <brakeCurve>
    212a:	90 91 48 03 	lds	r25, 0x0348	; 0x800348 <brakeCurve+0x1>
		{
			handle(-15);
    212e:	0c 97       	sbiw	r24, 0x0c	; 12
    2130:	50 f0       	brcs	.+20     	; 0x2146 <__DATA_REGION_LENGTH__+0x146>
    2132:	81 ef       	ldi	r24, 0xF1	; 241
    2134:	9f ef       	ldi	r25, 0xFF	; 255
			speed(0,0);
    2136:	0e 94 64 04 	call	0x8c8	; 0x8c8 <handle>
    213a:	60 e0       	ldi	r22, 0x00	; 0
    213c:	70 e0       	ldi	r23, 0x00	; 0
    213e:	80 e0       	ldi	r24, 0x00	; 0
    2140:	90 e0       	ldi	r25, 0x00	; 0
		}
		else
		handleAndSpeed(-angle5,speedRun90);
    2142:	55 d4       	rcall	.+2218   	; 0x29ee <speed>
    2144:	08 c0       	rjmp	.+16     	; 0x2156 <__DATA_REGION_LENGTH__+0x156>
    2146:	80 91 36 03 	lds	r24, 0x0336	; 0x800336 <angle5>
    214a:	90 91 37 03 	lds	r25, 0x0337	; 0x800337 <angle5+0x1>
    214e:	91 95       	neg	r25
    2150:	81 95       	neg	r24
		curveFlag = 1;
    2152:	91 09       	sbc	r25, r1
    2154:	d5 d9       	rcall	.-3158   	; 0x1500 <handleAndSpeed>
    2156:	81 e0       	ldi	r24, 0x01	; 1
		sensorPos = -5;
    2158:	80 93 46 03 	sts	0x0346, r24	; 0x800346 <curveFlag>
    215c:	8b ef       	ldi	r24, 0xFB	; 251
		straightLine = 0;
    215e:	80 93 32 03 	sts	0x0332, r24	; 0x800332 <sensorPos>
		break;
    2162:	10 92 33 03 	sts	0x0333, r1	; 0x800333 <straightLine>
		case 0xc0:// 11000000
		if ( sensorPos > 3)
    2166:	08 95       	ret
    2168:	80 91 32 03 	lds	r24, 0x0332	; 0x800332 <sensorPos>
		{
			handleAndSpeed(30,0);
    216c:	84 30       	cpi	r24, 0x04	; 4
    216e:	34 f0       	brlt	.+12     	; 0x217c <__DATA_REGION_LENGTH__+0x17c>
    2170:	60 e0       	ldi	r22, 0x00	; 0
    2172:	70 e0       	ldi	r23, 0x00	; 0
    2174:	8e e1       	ldi	r24, 0x1E	; 30
			break;
    2176:	90 e0       	ldi	r25, 0x00	; 0
		}
		else
		handleAndSpeed(-angle6,speedRun90);
    2178:	c3 c9       	rjmp	.-3194   	; 0x1500 <handleAndSpeed>
    217a:	08 95       	ret
    217c:	80 91 18 03 	lds	r24, 0x0318	; 0x800318 <angle6>
    2180:	90 91 19 03 	lds	r25, 0x0319	; 0x800319 <angle6+0x1>
    2184:	91 95       	neg	r25
    2186:	81 95       	neg	r24
		curveFlag = 1;
    2188:	91 09       	sbc	r25, r1
    218a:	ba d9       	rcall	.-3212   	; 0x1500 <handleAndSpeed>
    218c:	81 e0       	ldi	r24, 0x01	; 1
		sensorPos = -6;
    218e:	80 93 46 03 	sts	0x0346, r24	; 0x800346 <curveFlag>
    2192:	8a ef       	ldi	r24, 0xFA	; 250
		straightLine = 0;
    2194:	80 93 32 03 	sts	0x0332, r24	; 0x800332 <sensorPos>
		break;
		case 0x80:// 10000000
		if ( sensorPos > 3)
    2198:	10 92 33 03 	sts	0x0333, r1	; 0x800333 <straightLine>
    219c:	08 95       	ret
    219e:	80 91 32 03 	lds	r24, 0x0332	; 0x800332 <sensorPos>
		{
			handleAndSpeed(30,0);
    21a2:	84 30       	cpi	r24, 0x04	; 4
    21a4:	34 f0       	brlt	.+12     	; 0x21b2 <__DATA_REGION_LENGTH__+0x1b2>
    21a6:	60 e0       	ldi	r22, 0x00	; 0
    21a8:	70 e0       	ldi	r23, 0x00	; 0
    21aa:	8e e1       	ldi	r24, 0x1E	; 30
			break;
    21ac:	90 e0       	ldi	r25, 0x00	; 0
		}
		else
		handleAndSpeed(-angle7,speedRun90);
    21ae:	a8 c9       	rjmp	.-3248   	; 0x1500 <handleAndSpeed>
    21b0:	08 95       	ret
    21b2:	80 91 3c 03 	lds	r24, 0x033C	; 0x80033c <angle7>
    21b6:	90 91 3d 03 	lds	r25, 0x033D	; 0x80033d <angle7+0x1>
    21ba:	91 95       	neg	r25
    21bc:	81 95       	neg	r24
    21be:	91 09       	sbc	r25, r1
		curveFlag = 1;
    21c0:	9f d9       	rcall	.-3266   	; 0x1500 <handleAndSpeed>
    21c2:	81 e0       	ldi	r24, 0x01	; 1
    21c4:	80 93 46 03 	sts	0x0346, r24	; 0x800346 <curveFlag>
		sensorPos = -6;
    21c8:	8a ef       	ldi	r24, 0xFA	; 250
    21ca:	80 93 32 03 	sts	0x0332, r24	; 0x800332 <sensorPos>
		straightLine = 0;
    21ce:	10 92 33 03 	sts	0x0333, r1	; 0x800333 <straightLine>
		break;
		case 0x0f: break;
		case 0xf0: break;
		default:
		straightLine = 1;
    21d2:	08 95       	ret
    21d4:	81 e0       	ldi	r24, 0x01	; 1
    21d6:	80 93 33 03 	sts	0x0333, r24	; 0x800333 <straightLine>
		speed(0,0);
    21da:	60 e0       	ldi	r22, 0x00	; 0
    21dc:	70 e0       	ldi	r23, 0x00	; 0
    21de:	80 e0       	ldi	r24, 0x00	; 0
    21e0:	90 e0       	ldi	r25, 0x00	; 0
    21e2:	05 c4       	rjmp	.+2058   	; 0x29ee <speed>
    21e4:	08 95       	ret

000021e6 <turn90>:
		break;
	}
}
int turn90(int speedRun)
{
    21e6:	6f 92       	push	r6
    21e8:	7f 92       	push	r7
    21ea:	8f 92       	push	r8
    21ec:	9f 92       	push	r9
    21ee:	af 92       	push	r10
    21f0:	bf 92       	push	r11
    21f2:	cf 92       	push	r12
    21f4:	df 92       	push	r13
    21f6:	ef 92       	push	r14
    21f8:	ff 92       	push	r15
    21fa:	0f 93       	push	r16
    21fc:	1f 93       	push	r17
    21fe:	cf 93       	push	r28
    2200:	df 93       	push	r29
    2202:	ec 01       	movw	r28, r24
	int runCase2 = 19;
	cnt1 = 0;
    2204:	10 92 50 03 	sts	0x0350, r1	; 0x800350 <cnt1+0x1>
    2208:	10 92 4f 03 	sts	0x034F, r1	; 0x80034f <cnt1>
	cnt2 = 0;
    220c:	10 92 45 03 	sts	0x0345, r1	; 0x800345 <cnt2+0x1>
    2210:	10 92 44 03 	sts	0x0344, r1	; 0x800344 <cnt2>
	RGB(1,0,1);
    2214:	41 e0       	ldi	r20, 0x01	; 1
    2216:	60 e0       	ldi	r22, 0x00	; 0
    2218:	81 e0       	ldi	r24, 0x01	; 1
    221a:	0e 94 39 07 	call	0xe72	; 0xe72 <RGB>
		break;
	}
}
int turn90(int speedRun)
{
	int runCase2 = 19;
    221e:	03 e1       	ldi	r16, 0x13	; 19
    2220:	10 e0       	ldi	r17, 0x00	; 0
			switch( line ) {
				case 2:
				handle(-45);
				speed(0,speedRun);
				if(sensorMask(0xff) == 0x00){
					runCase2 = 31;
    2222:	0f 2e       	mov	r0, r31
    2224:	ff e1       	ldi	r31, 0x1F	; 31
    2226:	6f 2e       	mov	r6, r31
    2228:	f0 2d       	mov	r31, r0
    222a:	71 2c       	mov	r7, r1
					beep_long(100);
					runCase2 = 24;
					cnt1 = 0;
					break;
					case 1:
					line = 1;
    222c:	aa 24       	eor	r10, r10
    222e:	a3 94       	inc	r10
    2230:	b1 2c       	mov	r11, r1
					beep_long(100);
					runCase2 = 24;
    2232:	0f 2e       	mov	r0, r31
    2234:	f8 e1       	ldi	r31, 0x18	; 24
    2236:	8f 2e       	mov	r8, r31
    2238:	f0 2d       	mov	r31, r0
    223a:	91 2c       	mov	r9, r1
			if (checkCrossHalfLine() != 0)
			{
				switch (checkCrossHalfLine())
				{
					case 2:
					line = 2;
    223c:	68 94       	set
    223e:	cc 24       	eor	r12, r12
    2240:	c1 f8       	bld	r12, 1
    2242:	d1 2c       	mov	r13, r1
		switch (runCase2)
		{
			case 19:
			brakeTheCar(timerBrake90,speedBrake90);
			runForwardLine90(speedRun);
			runCase2 = 23;
    2244:	0f 2e       	mov	r0, r31
    2246:	f7 e1       	ldi	r31, 0x17	; 23
    2248:	ef 2e       	mov	r14, r31
    224a:	f0 2d       	mov	r31, r0
    224c:	f1 2c       	mov	r15, r1
	cnt1 = 0;
	cnt2 = 0;
	RGB(1,0,1);

	while (1){
		switch (runCase2)
    224e:	f8 01       	movw	r30, r16
    2250:	73 97       	sbiw	r30, 0x13	; 19
    2252:	ec 31       	cpi	r30, 0x1C	; 28
    2254:	f1 05       	cpc	r31, r1
    2256:	08 f0       	brcs	.+2      	; 0x225a <__stack+0x5b>
    2258:	e6 c1       	rjmp	.+972    	; 0x2626 <__stack+0x427>
    225a:	88 27       	eor	r24, r24
    225c:	e3 5a       	subi	r30, 0xA3	; 163
    225e:	fd 4f       	sbci	r31, 0xFD	; 253
    2260:	8f 4f       	sbci	r24, 0xFF	; 255
    2262:	42 c6       	rjmp	.+3204   	; 0x2ee8 <__tablejump2__>
		{
			case 19:
			brakeTheCar(timerBrake90,speedBrake90);
    2264:	60 91 30 03 	lds	r22, 0x0330	; 0x800330 <speedBrake90>
    2268:	70 91 31 03 	lds	r23, 0x0331	; 0x800331 <speedBrake90+0x1>
    226c:	80 91 2c 03 	lds	r24, 0x032C	; 0x80032c <timerBrake90>
    2270:	90 91 2d 03 	lds	r25, 0x032D	; 0x80032d <timerBrake90+0x1>
    2274:	36 dc       	rcall	.-1940   	; 0x1ae2 <brakeTheCar>
			runForwardLine90(speedRun);
    2276:	ce 01       	movw	r24, r28
    2278:	ba dd       	rcall	.-1164   	; 0x1dee <runForwardLine90>
    227a:	0e 2d       	mov	r16, r14
			runCase2 = 23;
    227c:	1f 2d       	mov	r17, r15
    227e:	e7 cf       	rjmp	.-50     	; 0x224e <__stack+0x4f>
			break;
    2280:	80 91 4f 03 	lds	r24, 0x034F	; 0x80034f <cnt1>
			case 23:
			if(cnt1 > 2000){
    2284:	90 91 50 03 	lds	r25, 0x0350	; 0x800350 <cnt1+0x1>
    2288:	81 3d       	cpi	r24, 0xD1	; 209
    228a:	97 40       	sbci	r25, 0x07	; 7
    228c:	08 f0       	brcs	.+2      	; 0x2290 <__stack+0x91>
    228e:	ce c1       	rjmp	.+924    	; 0x262c <__stack+0x42d>
				return 100;
				break;
			}
			if (checkCrossHalfLine() != 0)
    2290:	23 d9       	rcall	.-3514   	; 0x14d8 <checkCrossHalfLine>
    2292:	88 23       	and	r24, r24
    2294:	11 f1       	breq	.+68     	; 0x22da <__stack+0xdb>
    2296:	81 30       	cpi	r24, 0x01	; 1
			{
				switch (checkCrossHalfLine())
    2298:	89 f0       	breq	.+34     	; 0x22bc <__stack+0xbd>
    229a:	82 30       	cpi	r24, 0x02	; 2
    229c:	c1 f6       	brne	.-80     	; 0x224e <__stack+0x4f>
    229e:	d0 92 15 03 	sts	0x0315, r13	; 0x800315 <line+0x1>
				{
					case 2:
					line = 2;
    22a2:	c0 92 14 03 	sts	0x0314, r12	; 0x800314 <line>
    22a6:	84 e6       	ldi	r24, 0x64	; 100
					beep_long(100);
    22a8:	90 e0       	ldi	r25, 0x00	; 0
    22aa:	0e 94 9a 03 	call	0x734	; 0x734 <beep_long>
    22ae:	10 92 50 03 	sts	0x0350, r1	; 0x800350 <cnt1+0x1>
					runCase2 = 24;
					cnt1 = 0;
    22b2:	10 92 4f 03 	sts	0x034F, r1	; 0x80034f <cnt1>
    22b6:	08 2d       	mov	r16, r8
				switch (checkCrossHalfLine())
				{
					case 2:
					line = 2;
					beep_long(100);
					runCase2 = 24;
    22b8:	19 2d       	mov	r17, r9
    22ba:	c9 cf       	rjmp	.-110    	; 0x224e <__stack+0x4f>
					cnt1 = 0;
					break;
    22bc:	b0 92 15 03 	sts	0x0315, r11	; 0x800315 <line+0x1>
					case 1:
					line = 1;
    22c0:	a0 92 14 03 	sts	0x0314, r10	; 0x800314 <line>
    22c4:	84 e6       	ldi	r24, 0x64	; 100
					beep_long(100);
    22c6:	90 e0       	ldi	r25, 0x00	; 0
    22c8:	0e 94 9a 03 	call	0x734	; 0x734 <beep_long>
    22cc:	10 92 50 03 	sts	0x0350, r1	; 0x800350 <cnt1+0x1>
					runCase2 = 24;
					cnt1 = 0;
    22d0:	10 92 4f 03 	sts	0x034F, r1	; 0x80034f <cnt1>
    22d4:	08 2d       	mov	r16, r8
					cnt1 = 0;
					break;
					case 1:
					line = 1;
					beep_long(100);
					runCase2 = 24;
    22d6:	19 2d       	mov	r17, r9
					cnt1 = 0;
					break;
    22d8:	ba cf       	rjmp	.-140    	; 0x224e <__stack+0x4f>
					default : break;
				}
			}
			else runForwardLine90(speedRun);
    22da:	ce 01       	movw	r24, r28
    22dc:	88 dd       	rcall	.-1264   	; 0x1dee <runForwardLine90>
    22de:	b7 cf       	rjmp	.-146    	; 0x224e <__stack+0x4f>
			break;
			case 24:
			speed(speedRun,speedRun);
    22e0:	be 01       	movw	r22, r28
    22e2:	ce 01       	movw	r24, r28
    22e4:	84 d3       	rcall	.+1800   	; 0x29ee <speed>
    22e6:	80 91 14 03 	lds	r24, 0x0314	; 0x800314 <line>
			switch( line ) {
    22ea:	90 91 15 03 	lds	r25, 0x0315	; 0x800315 <line+0x1>
    22ee:	81 30       	cpi	r24, 0x01	; 1
    22f0:	91 05       	cpc	r25, r1
    22f2:	b1 f0       	breq	.+44     	; 0x2320 <__stack+0x121>
    22f4:	02 97       	sbiw	r24, 0x02	; 2
    22f6:	09 f0       	breq	.+2      	; 0x22fa <__stack+0xfb>
    22f8:	aa cf       	rjmp	.-172    	; 0x224e <__stack+0x4f>
    22fa:	83 ed       	ldi	r24, 0xD3	; 211
				case 2:
				handle(-45);
    22fc:	9f ef       	ldi	r25, 0xFF	; 255
    22fe:	0e 94 64 04 	call	0x8c8	; 0x8c8 <handle>
				speed(0,speedRun);
    2302:	be 01       	movw	r22, r28
    2304:	80 e0       	ldi	r24, 0x00	; 0
    2306:	90 e0       	ldi	r25, 0x00	; 0
    2308:	72 d3       	rcall	.+1764   	; 0x29ee <speed>
    230a:	80 91 d9 02 	lds	r24, 0x02D9	; 0x8002d9 <sensor>
				if(sensorMask(0xff) == 0x00){
    230e:	81 11       	cpse	r24, r1
    2310:	02 c0       	rjmp	.+4      	; 0x2316 <__stack+0x117>
    2312:	06 2d       	mov	r16, r6
					runCase2 = 31;
    2314:	17 2d       	mov	r17, r7
    2316:	10 92 50 03 	sts	0x0350, r1	; 0x800350 <cnt1+0x1>
				}
				cnt1 = 0;
    231a:	10 92 4f 03 	sts	0x034F, r1	; 0x80034f <cnt1>
    231e:	97 cf       	rjmp	.-210    	; 0x224e <__stack+0x4f>
				break;
    2320:	80 91 d9 02 	lds	r24, 0x02D9	; 0x8002d9 <sensor>
				case 1:
				if(sensorMask(0xff) == 0x00){
    2324:	81 11       	cpse	r24, r1
    2326:	0a c0       	rjmp	.+20     	; 0x233c <__stack+0x13d>
    2328:	8d e2       	ldi	r24, 0x2D	; 45
					runCase2 = 41;
					handle(45);
    232a:	90 e0       	ldi	r25, 0x00	; 0
    232c:	0e 94 64 04 	call	0x8c8	; 0x8c8 <handle>
					speed(speedRun,0);
    2330:	60 e0       	ldi	r22, 0x00	; 0
    2332:	70 e0       	ldi	r23, 0x00	; 0
    2334:	ce 01       	movw	r24, r28
    2336:	5b d3       	rcall	.+1718   	; 0x29ee <speed>
    2338:	09 e2       	ldi	r16, 0x29	; 41
				}
				cnt1 = 0;
				break;
				case 1:
				if(sensorMask(0xff) == 0x00){
					runCase2 = 41;
    233a:	10 e0       	ldi	r17, 0x00	; 0
    233c:	10 92 50 03 	sts	0x0350, r1	; 0x800350 <cnt1+0x1>
					handle(45);
					speed(speedRun,0);
				}
				cnt1 = 0;
    2340:	10 92 4f 03 	sts	0x034F, r1	; 0x80034f <cnt1>
    2344:	84 cf       	rjmp	.-248    	; 0x224e <__stack+0x4f>
				default:
				break;
			}
			break;
			case 31:
			handle (-45);
    2346:	83 ed       	ldi	r24, 0xD3	; 211
    2348:	9f ef       	ldi	r25, 0xFF	; 255
    234a:	0e 94 64 04 	call	0x8c8	; 0x8c8 <handle>
			speed (0,speedRun);
    234e:	be 01       	movw	r22, r28
    2350:	80 e0       	ldi	r24, 0x00	; 0
    2352:	90 e0       	ldi	r25, 0x00	; 0
    2354:	4c d3       	rcall	.+1688   	; 0x29ee <speed>
    2356:	80 91 d9 02 	lds	r24, 0x02D9	; 0x8002d9 <sensor>
		runForwardLine(speedRun);
	}
}
unsigned char sensorMask (unsigned char MASK)
{
	return ( sensor & MASK);
    235a:	98 2f       	mov	r25, r24
			}
			break;
			case 31:
			handle (-45);
			speed (0,speedRun);
			if (sensorMask (0x3c) != 0x00)
    235c:	9c 73       	andi	r25, 0x3C	; 60
    235e:	39 f0       	breq	.+14     	; 0x236e <__stack+0x16f>
    2360:	10 92 50 03 	sts	0x0350, r1	; 0x800350 <cnt1+0x1>
			{
				cnt1 = 0;
    2364:	10 92 4f 03 	sts	0x034F, r1	; 0x80034f <cnt1>
    2368:	03 e2       	ldi	r16, 0x23	; 35
				runCase2 = 35;
    236a:	10 e0       	ldi	r17, 0x00	; 0
    236c:	70 cf       	rjmp	.-288    	; 0x224e <__stack+0x4f>
				break;
    236e:	83 70       	andi	r24, 0x03	; 3
			}
			if ((sensorMask (0x03) == 0x03))
    2370:	83 30       	cpi	r24, 0x03	; 3
    2372:	09 f0       	breq	.+2      	; 0x2376 <__stack+0x177>
    2374:	6c cf       	rjmp	.-296    	; 0x224e <__stack+0x4f>
    2376:	10 92 50 03 	sts	0x0350, r1	; 0x800350 <cnt1+0x1>
			{
				cnt1 = 0;
    237a:	10 92 4f 03 	sts	0x034F, r1	; 0x80034f <cnt1>
    237e:	00 e2       	ldi	r16, 0x20	; 32
				runCase2 = 32;
    2380:	10 e0       	ldi	r17, 0x00	; 0
				break;
    2382:	65 cf       	rjmp	.-310    	; 0x224e <__stack+0x4f>
			}
			break;
			case 32:
			handle (-45);
    2384:	83 ed       	ldi	r24, 0xD3	; 211
    2386:	9f ef       	ldi	r25, 0xFF	; 255
    2388:	0e 94 64 04 	call	0x8c8	; 0x8c8 <handle>
			speed (0,speedRun);
    238c:	be 01       	movw	r22, r28
    238e:	80 e0       	ldi	r24, 0x00	; 0
    2390:	90 e0       	ldi	r25, 0x00	; 0
    2392:	2d d3       	rcall	.+1626   	; 0x29ee <speed>
    2394:	80 91 d9 02 	lds	r24, 0x02D9	; 0x8002d9 <sensor>
			if((sensorMask(0x0f) == 0x01))
    2398:	8f 70       	andi	r24, 0x0F	; 15
    239a:	81 30       	cpi	r24, 0x01	; 1
    239c:	09 f0       	breq	.+2      	; 0x23a0 <__stack+0x1a1>
    239e:	57 cf       	rjmp	.-338    	; 0x224e <__stack+0x4f>
    23a0:	01 e2       	ldi	r16, 0x21	; 33
			{
				runCase2 = 33;
    23a2:	10 e0       	ldi	r17, 0x00	; 0
    23a4:	54 cf       	rjmp	.-344    	; 0x224e <__stack+0x4f>
				break;
			}
			break;
			case 33:
			handle (-45);
    23a6:	83 ed       	ldi	r24, 0xD3	; 211
    23a8:	9f ef       	ldi	r25, 0xFF	; 255
    23aa:	0e 94 64 04 	call	0x8c8	; 0x8c8 <handle>
			speed (0,speedRun);
    23ae:	be 01       	movw	r22, r28
    23b0:	80 e0       	ldi	r24, 0x00	; 0
    23b2:	90 e0       	ldi	r25, 0x00	; 0
    23b4:	1c d3       	rcall	.+1592   	; 0x29ee <speed>
    23b6:	80 91 d9 02 	lds	r24, 0x02D9	; 0x8002d9 <sensor>
			if (sensorMask(0x0f) == 0x00)
    23ba:	8f 70       	andi	r24, 0x0F	; 15
    23bc:	09 f0       	breq	.+2      	; 0x23c0 <__stack+0x1c1>
    23be:	47 cf       	rjmp	.-370    	; 0x224e <__stack+0x4f>
			{
				runCase2 = 34;
    23c0:	02 e2       	ldi	r16, 0x22	; 34
    23c2:	10 e0       	ldi	r17, 0x00	; 0
    23c4:	44 cf       	rjmp	.-376    	; 0x224e <__stack+0x4f>
				break;
			}
			break;
			case 34:
			handle (-45);
    23c6:	83 ed       	ldi	r24, 0xD3	; 211
    23c8:	9f ef       	ldi	r25, 0xFF	; 255
    23ca:	0e 94 64 04 	call	0x8c8	; 0x8c8 <handle>
			speed (0,speedRun);
    23ce:	be 01       	movw	r22, r28
    23d0:	80 e0       	ldi	r24, 0x00	; 0
    23d2:	90 e0       	ldi	r25, 0x00	; 0
    23d4:	0c d3       	rcall	.+1560   	; 0x29ee <speed>
    23d6:	80 91 d9 02 	lds	r24, 0x02D9	; 0x8002d9 <sensor>
			if (sensorMask(0x3c)!=0x00)
    23da:	8c 73       	andi	r24, 0x3C	; 60
    23dc:	09 f4       	brne	.+2      	; 0x23e0 <__stack+0x1e1>
    23de:	37 cf       	rjmp	.-402    	; 0x224e <__stack+0x4f>
    23e0:	10 92 50 03 	sts	0x0350, r1	; 0x800350 <cnt1+0x1>
			{
				cnt1 = 0;
    23e4:	10 92 4f 03 	sts	0x034F, r1	; 0x80034f <cnt1>
    23e8:	10 92 45 03 	sts	0x0345, r1	; 0x800345 <cnt2+0x1>
				cnt2 = 0;
    23ec:	10 92 44 03 	sts	0x0344, r1	; 0x800344 <cnt2>
				runCase2 = 35;
    23f0:	03 e2       	ldi	r16, 0x23	; 35
    23f2:	10 e0       	ldi	r17, 0x00	; 0
    23f4:	2c cf       	rjmp	.-424    	; 0x224e <__stack+0x4f>
			}
			break;
			case 35:
			handle (-45);
    23f6:	83 ed       	ldi	r24, 0xD3	; 211
    23f8:	9f ef       	ldi	r25, 0xFF	; 255
    23fa:	0e 94 64 04 	call	0x8c8	; 0x8c8 <handle>
			speed (0,speedRun);
    23fe:	be 01       	movw	r22, r28
    2400:	80 e0       	ldi	r24, 0x00	; 0
    2402:	90 e0       	ldi	r25, 0x00	; 0
    2404:	f4 d2       	rcall	.+1512   	; 0x29ee <speed>
    2406:	80 91 d9 02 	lds	r24, 0x02D9	; 0x8002d9 <sensor>
			if (sensorMask (0x3c) != 0x00)
    240a:	8c 73       	andi	r24, 0x3C	; 60
    240c:	09 f4       	brne	.+2      	; 0x2410 <__stack+0x211>
    240e:	1f cf       	rjmp	.-450    	; 0x224e <__stack+0x4f>
    2410:	10 92 50 03 	sts	0x0350, r1	; 0x800350 <cnt1+0x1>
			{
				cnt1 = 0;
    2414:	10 92 4f 03 	sts	0x034F, r1	; 0x80034f <cnt1>
    2418:	10 92 45 03 	sts	0x0345, r1	; 0x800345 <cnt2+0x1>
				cnt2 = 0;
    241c:	10 92 44 03 	sts	0x0344, r1	; 0x800344 <cnt2>
    2420:	04 e2       	ldi	r16, 0x24	; 36
				runCase2 = 36;
    2422:	10 e0       	ldi	r17, 0x00	; 0
    2424:	14 cf       	rjmp	.-472    	; 0x224e <__stack+0x4f>
    2426:	10 92 45 03 	sts	0x0345, r1	; 0x800345 <cnt2+0x1>
			}
			break;
			case 36:
			cnt2 = 0;
    242a:	10 92 44 03 	sts	0x0344, r1	; 0x800344 <cnt2>
			beep_long(300);
    242e:	8c e2       	ldi	r24, 0x2C	; 44
    2430:	91 e0       	ldi	r25, 0x01	; 1
    2432:	0e 94 9a 03 	call	0x734	; 0x734 <beep_long>
			while(cnt2 < 200)
    2436:	80 91 44 03 	lds	r24, 0x0344	; 0x800344 <cnt2>
    243a:	90 91 45 03 	lds	r25, 0x0345	; 0x800345 <cnt2+0x1>
    243e:	88 3c       	cpi	r24, 0xC8	; 200
    2440:	91 05       	cpc	r25, r1
    2442:	48 f4       	brcc	.+18     	; 0x2456 <__stack+0x257>
			{
				runForwardLine90(speedRun);
    2444:	ce 01       	movw	r24, r28
    2446:	d3 dc       	rcall	.-1626   	; 0x1dee <runForwardLine90>
    2448:	80 91 44 03 	lds	r24, 0x0344	; 0x800344 <cnt2>
			}
			break;
			case 36:
			cnt2 = 0;
			beep_long(300);
			while(cnt2 < 200)
    244c:	90 91 45 03 	lds	r25, 0x0345	; 0x800345 <cnt2+0x1>
    2450:	88 3c       	cpi	r24, 0xC8	; 200
    2452:	91 05       	cpc	r25, r1
    2454:	b8 f3       	brcs	.-18     	; 0x2444 <__stack+0x245>
    2456:	10 92 45 03 	sts	0x0345, r1	; 0x800345 <cnt2+0x1>
			{
				runForwardLine90(speedRun);
			}
			cnt2 = 0;
    245a:	10 92 44 03 	sts	0x0344, r1	; 0x800344 <cnt2>
			while(cnt2 < timerBoostAfter90)
    245e:	80 91 42 03 	lds	r24, 0x0342	; 0x800342 <timerBoostAfter90>
    2462:	90 91 43 03 	lds	r25, 0x0343	; 0x800343 <timerBoostAfter90+0x1>
    2466:	89 2b       	or	r24, r25
    2468:	81 f0       	breq	.+32     	; 0x248a <__stack+0x28b>
			{
				runForwardLine90(speedBoostAfter90);
    246a:	80 91 10 03 	lds	r24, 0x0310	; 0x800310 <speedBoostAfter90>
    246e:	90 91 11 03 	lds	r25, 0x0311	; 0x800311 <speedBoostAfter90+0x1>
    2472:	bd dc       	rcall	.-1670   	; 0x1dee <runForwardLine90>
    2474:	20 91 44 03 	lds	r18, 0x0344	; 0x800344 <cnt2>
			while(cnt2 < 200)
			{
				runForwardLine90(speedRun);
			}
			cnt2 = 0;
			while(cnt2 < timerBoostAfter90)
    2478:	30 91 45 03 	lds	r19, 0x0345	; 0x800345 <cnt2+0x1>
    247c:	80 91 42 03 	lds	r24, 0x0342	; 0x800342 <timerBoostAfter90>
    2480:	90 91 43 03 	lds	r25, 0x0343	; 0x800343 <timerBoostAfter90+0x1>
    2484:	28 17       	cp	r18, r24
    2486:	39 07       	cpc	r19, r25
    2488:	80 f3       	brcs	.-32     	; 0x246a <__stack+0x26b>
    248a:	10 92 4c 03 	sts	0x034C, r1	; 0x80034c <cnt3+0x1>
			{
				runForwardLine90(speedBoostAfter90);
			}
			cnt3 = 0;
    248e:	10 92 4b 03 	sts	0x034B, r1	; 0x80034b <cnt3>
    2492:	8b e0       	ldi	r24, 0x0B	; 11
			return 11;
    2494:	90 e0       	ldi	r25, 0x00	; 0
    2496:	cc c0       	rjmp	.+408    	; 0x2630 <__stack+0x431>
			break;
			case 41:
			RGB(1,0,0);
    2498:	40 e0       	ldi	r20, 0x00	; 0
    249a:	60 e0       	ldi	r22, 0x00	; 0
    249c:	81 e0       	ldi	r24, 0x01	; 1
    249e:	0e 94 39 07 	call	0xe72	; 0xe72 <RGB>
			handle(45);
    24a2:	8d e2       	ldi	r24, 0x2D	; 45
    24a4:	90 e0       	ldi	r25, 0x00	; 0
    24a6:	0e 94 64 04 	call	0x8c8	; 0x8c8 <handle>
			speed (speedRun,0);
    24aa:	60 e0       	ldi	r22, 0x00	; 0
    24ac:	70 e0       	ldi	r23, 0x00	; 0
    24ae:	ce 01       	movw	r24, r28
    24b0:	9e d2       	rcall	.+1340   	; 0x29ee <speed>
    24b2:	80 91 d9 02 	lds	r24, 0x02D9	; 0x8002d9 <sensor>
		runForwardLine(speedRun);
	}
}
unsigned char sensorMask (unsigned char MASK)
{
	return ( sensor & MASK);
    24b6:	98 2f       	mov	r25, r24
			break;
			case 41:
			RGB(1,0,0);
			handle(45);
			speed (speedRun,0);
			if (sensorMask (0x3c) != 0x00)
    24b8:	9c 73       	andi	r25, 0x3C	; 60
    24ba:	39 f0       	breq	.+14     	; 0x24ca <__stack+0x2cb>
    24bc:	10 92 50 03 	sts	0x0350, r1	; 0x800350 <cnt1+0x1>
			{
				cnt1 = 0;
    24c0:	10 92 4f 03 	sts	0x034F, r1	; 0x80034f <cnt1>
    24c4:	0d e2       	ldi	r16, 0x2D	; 45
				runCase2 = 45;
    24c6:	10 e0       	ldi	r17, 0x00	; 0
    24c8:	c2 ce       	rjmp	.-636    	; 0x224e <__stack+0x4f>
				break;
    24ca:	80 7c       	andi	r24, 0xC0	; 192
			}
			if ((sensorMask (0xc0) == 0xc0))
    24cc:	80 3c       	cpi	r24, 0xC0	; 192
    24ce:	09 f0       	breq	.+2      	; 0x24d2 <__stack+0x2d3>
    24d0:	be ce       	rjmp	.-644    	; 0x224e <__stack+0x4f>
    24d2:	10 92 50 03 	sts	0x0350, r1	; 0x800350 <cnt1+0x1>
			{
				cnt1 = 0;
    24d6:	10 92 4f 03 	sts	0x034F, r1	; 0x80034f <cnt1>
				runCase2 = 42; 
    24da:	0a e2       	ldi	r16, 0x2A	; 42
    24dc:	10 e0       	ldi	r17, 0x00	; 0
				break;
    24de:	b7 ce       	rjmp	.-658    	; 0x224e <__stack+0x4f>
			}
			break;
			case 42:
			RGB(0,1,0);
    24e0:	40 e0       	ldi	r20, 0x00	; 0
    24e2:	61 e0       	ldi	r22, 0x01	; 1
    24e4:	80 e0       	ldi	r24, 0x00	; 0
    24e6:	0e 94 39 07 	call	0xe72	; 0xe72 <RGB>
			handle (45);
    24ea:	8d e2       	ldi	r24, 0x2D	; 45
    24ec:	90 e0       	ldi	r25, 0x00	; 0
    24ee:	0e 94 64 04 	call	0x8c8	; 0x8c8 <handle>
			speed (speedRun,0);
    24f2:	60 e0       	ldi	r22, 0x00	; 0
    24f4:	70 e0       	ldi	r23, 0x00	; 0
    24f6:	ce 01       	movw	r24, r28
    24f8:	7a d2       	rcall	.+1268   	; 0x29ee <speed>
    24fa:	80 91 d9 02 	lds	r24, 0x02D9	; 0x8002d9 <sensor>
			if ((sensorMask(0xf0) == 0x80))
    24fe:	80 7f       	andi	r24, 0xF0	; 240
    2500:	80 38       	cpi	r24, 0x80	; 128
    2502:	09 f0       	breq	.+2      	; 0x2506 <__stack+0x307>
    2504:	a4 ce       	rjmp	.-696    	; 0x224e <__stack+0x4f>
			{
				runCase2 = 43;
    2506:	0b e2       	ldi	r16, 0x2B	; 43
    2508:	10 e0       	ldi	r17, 0x00	; 0
    250a:	a1 ce       	rjmp	.-702    	; 0x224e <__stack+0x4f>
				break;
			}
			break;
			case 43:
			RGB(0,0,1);
    250c:	41 e0       	ldi	r20, 0x01	; 1
    250e:	60 e0       	ldi	r22, 0x00	; 0
    2510:	80 e0       	ldi	r24, 0x00	; 0
    2512:	0e 94 39 07 	call	0xe72	; 0xe72 <RGB>
			handle (45);
    2516:	8d e2       	ldi	r24, 0x2D	; 45
    2518:	90 e0       	ldi	r25, 0x00	; 0
    251a:	0e 94 64 04 	call	0x8c8	; 0x8c8 <handle>
			speed (speedRun,0);
    251e:	60 e0       	ldi	r22, 0x00	; 0
    2520:	70 e0       	ldi	r23, 0x00	; 0
    2522:	ce 01       	movw	r24, r28
    2524:	64 d2       	rcall	.+1224   	; 0x29ee <speed>
    2526:	80 91 d9 02 	lds	r24, 0x02D9	; 0x8002d9 <sensor>
			if ((sensorMask(0xf0) == 0x00))
    252a:	80 7f       	andi	r24, 0xF0	; 240
    252c:	09 f0       	breq	.+2      	; 0x2530 <__stack+0x331>
    252e:	8f ce       	rjmp	.-738    	; 0x224e <__stack+0x4f>
			{
				runCase2 = 44;
    2530:	0c e2       	ldi	r16, 0x2C	; 44
    2532:	10 e0       	ldi	r17, 0x00	; 0
    2534:	8c ce       	rjmp	.-744    	; 0x224e <__stack+0x4f>
				break;
			}
			break;
			case 44:
			RGB(1,0,1);
    2536:	41 e0       	ldi	r20, 0x01	; 1
    2538:	60 e0       	ldi	r22, 0x00	; 0
    253a:	81 e0       	ldi	r24, 0x01	; 1
    253c:	0e 94 39 07 	call	0xe72	; 0xe72 <RGB>
			handle (45);
    2540:	8d e2       	ldi	r24, 0x2D	; 45
    2542:	90 e0       	ldi	r25, 0x00	; 0
    2544:	0e 94 64 04 	call	0x8c8	; 0x8c8 <handle>
			speed (speedRun,0);
    2548:	60 e0       	ldi	r22, 0x00	; 0
    254a:	70 e0       	ldi	r23, 0x00	; 0
    254c:	ce 01       	movw	r24, r28
    254e:	4f d2       	rcall	.+1182   	; 0x29ee <speed>
    2550:	80 91 d9 02 	lds	r24, 0x02D9	; 0x8002d9 <sensor>
			if (sensorMask(0x3c)!=0x00)
    2554:	8c 73       	andi	r24, 0x3C	; 60
    2556:	09 f4       	brne	.+2      	; 0x255a <__stack+0x35b>
    2558:	7a ce       	rjmp	.-780    	; 0x224e <__stack+0x4f>
    255a:	10 92 50 03 	sts	0x0350, r1	; 0x800350 <cnt1+0x1>
			{
				cnt1 = 0;
    255e:	10 92 4f 03 	sts	0x034F, r1	; 0x80034f <cnt1>
    2562:	10 92 45 03 	sts	0x0345, r1	; 0x800345 <cnt2+0x1>
				cnt2 = 0;
    2566:	10 92 44 03 	sts	0x0344, r1	; 0x800344 <cnt2>
				runCase2 = 45;
    256a:	0d e2       	ldi	r16, 0x2D	; 45
    256c:	10 e0       	ldi	r17, 0x00	; 0
    256e:	6f ce       	rjmp	.-802    	; 0x224e <__stack+0x4f>
			}
			break;
			case 45:
			RGB(1,0,1);
    2570:	41 e0       	ldi	r20, 0x01	; 1
    2572:	60 e0       	ldi	r22, 0x00	; 0
    2574:	81 e0       	ldi	r24, 0x01	; 1
    2576:	0e 94 39 07 	call	0xe72	; 0xe72 <RGB>
			handle (45);
    257a:	8d e2       	ldi	r24, 0x2D	; 45
    257c:	90 e0       	ldi	r25, 0x00	; 0
    257e:	0e 94 64 04 	call	0x8c8	; 0x8c8 <handle>
			speed (speedRun,0);
    2582:	60 e0       	ldi	r22, 0x00	; 0
    2584:	70 e0       	ldi	r23, 0x00	; 0
    2586:	ce 01       	movw	r24, r28
    2588:	32 d2       	rcall	.+1124   	; 0x29ee <speed>
    258a:	80 91 d9 02 	lds	r24, 0x02D9	; 0x8002d9 <sensor>
			if (sensorMask(0x3c)!=0x00)
    258e:	8c 73       	andi	r24, 0x3C	; 60
    2590:	09 f4       	brne	.+2      	; 0x2594 <__stack+0x395>
    2592:	5d ce       	rjmp	.-838    	; 0x224e <__stack+0x4f>
    2594:	10 92 50 03 	sts	0x0350, r1	; 0x800350 <cnt1+0x1>
			{
				cnt1 = 0;
    2598:	10 92 4f 03 	sts	0x034F, r1	; 0x80034f <cnt1>
    259c:	10 92 45 03 	sts	0x0345, r1	; 0x800345 <cnt2+0x1>
				cnt2 = 0;
    25a0:	10 92 44 03 	sts	0x0344, r1	; 0x800344 <cnt2>
    25a4:	0e e2       	ldi	r16, 0x2E	; 46
				runCase2 = 46;
    25a6:	10 e0       	ldi	r17, 0x00	; 0
    25a8:	52 ce       	rjmp	.-860    	; 0x224e <__stack+0x4f>
    25aa:	41 e0       	ldi	r20, 0x01	; 1
			}
			break;
			case 46:
			RGB(1,1,1);
    25ac:	61 e0       	ldi	r22, 0x01	; 1
    25ae:	81 e0       	ldi	r24, 0x01	; 1
    25b0:	0e 94 39 07 	call	0xe72	; 0xe72 <RGB>
			cnt2 = 0;
    25b4:	10 92 45 03 	sts	0x0345, r1	; 0x800345 <cnt2+0x1>
    25b8:	10 92 44 03 	sts	0x0344, r1	; 0x800344 <cnt2>
			beep_long(300);
    25bc:	8c e2       	ldi	r24, 0x2C	; 44
    25be:	91 e0       	ldi	r25, 0x01	; 1
    25c0:	0e 94 9a 03 	call	0x734	; 0x734 <beep_long>
			while(cnt2 < 200)
    25c4:	80 91 44 03 	lds	r24, 0x0344	; 0x800344 <cnt2>
    25c8:	90 91 45 03 	lds	r25, 0x0345	; 0x800345 <cnt2+0x1>
    25cc:	88 3c       	cpi	r24, 0xC8	; 200
    25ce:	91 05       	cpc	r25, r1
    25d0:	48 f4       	brcc	.+18     	; 0x25e4 <__stack+0x3e5>
			{
				runForwardLine90(speedRun);
    25d2:	ce 01       	movw	r24, r28
    25d4:	0c dc       	rcall	.-2024   	; 0x1dee <runForwardLine90>
    25d6:	80 91 44 03 	lds	r24, 0x0344	; 0x800344 <cnt2>
			break;
			case 46:
			RGB(1,1,1);
			cnt2 = 0;
			beep_long(300);
			while(cnt2 < 200)
    25da:	90 91 45 03 	lds	r25, 0x0345	; 0x800345 <cnt2+0x1>
    25de:	88 3c       	cpi	r24, 0xC8	; 200
    25e0:	91 05       	cpc	r25, r1
    25e2:	b8 f3       	brcs	.-18     	; 0x25d2 <__stack+0x3d3>
			{
				runForwardLine90(speedRun);
			}
			cnt2 = 0;
    25e4:	10 92 45 03 	sts	0x0345, r1	; 0x800345 <cnt2+0x1>
    25e8:	10 92 44 03 	sts	0x0344, r1	; 0x800344 <cnt2>
			while(cnt2 < timerBoostAfter90)
    25ec:	80 91 42 03 	lds	r24, 0x0342	; 0x800342 <timerBoostAfter90>
    25f0:	90 91 43 03 	lds	r25, 0x0343	; 0x800343 <timerBoostAfter90+0x1>
    25f4:	89 2b       	or	r24, r25
    25f6:	81 f0       	breq	.+32     	; 0x2618 <__stack+0x419>
			{
				runForwardLine90(speedBoostAfter90);
    25f8:	80 91 10 03 	lds	r24, 0x0310	; 0x800310 <speedBoostAfter90>
    25fc:	90 91 11 03 	lds	r25, 0x0311	; 0x800311 <speedBoostAfter90+0x1>
    2600:	f6 db       	rcall	.-2068   	; 0x1dee <runForwardLine90>
    2602:	20 91 44 03 	lds	r18, 0x0344	; 0x800344 <cnt2>
			while(cnt2 < 200)
			{
				runForwardLine90(speedRun);
			}
			cnt2 = 0;
			while(cnt2 < timerBoostAfter90)
    2606:	30 91 45 03 	lds	r19, 0x0345	; 0x800345 <cnt2+0x1>
    260a:	80 91 42 03 	lds	r24, 0x0342	; 0x800342 <timerBoostAfter90>
    260e:	90 91 43 03 	lds	r25, 0x0343	; 0x800343 <timerBoostAfter90+0x1>
    2612:	28 17       	cp	r18, r24
    2614:	39 07       	cpc	r19, r25
    2616:	80 f3       	brcs	.-32     	; 0x25f8 <__stack+0x3f9>
    2618:	10 92 4c 03 	sts	0x034C, r1	; 0x80034c <cnt3+0x1>
			{
				runForwardLine90(speedBoostAfter90);
			}
			cnt3 = 0;
    261c:	10 92 4b 03 	sts	0x034B, r1	; 0x80034b <cnt3>
    2620:	8b e0       	ldi	r24, 0x0B	; 11
			return 11;
    2622:	90 e0       	ldi	r25, 0x00	; 0
    2624:	05 c0       	rjmp	.+10     	; 0x2630 <__stack+0x431>
    2626:	8b e0       	ldi	r24, 0x0B	; 11
			break;
			default:
			return 11;
    2628:	90 e0       	ldi	r25, 0x00	; 0
    262a:	02 c0       	rjmp	.+4      	; 0x2630 <__stack+0x431>
    262c:	84 e6       	ldi	r24, 0x64	; 100
			runForwardLine90(speedRun);
			runCase2 = 23;
			break;
			case 23:
			if(cnt1 > 2000){
				return 100;
    262e:	90 e0       	ldi	r25, 0x00	; 0
    2630:	df 91       	pop	r29
			default:
			return 11;
			break;
		}
	}
}
    2632:	cf 91       	pop	r28
    2634:	1f 91       	pop	r17
    2636:	0f 91       	pop	r16
    2638:	ff 90       	pop	r15
    263a:	ef 90       	pop	r14
    263c:	df 90       	pop	r13
    263e:	cf 90       	pop	r12
    2640:	bf 90       	pop	r11
    2642:	af 90       	pop	r10
    2644:	9f 90       	pop	r9
    2646:	8f 90       	pop	r8
    2648:	7f 90       	pop	r7
    264a:	6f 90       	pop	r6
    264c:	08 95       	ret

0000264e <run>:
    264e:	0e 94 61 07 	call	0xec2	; 0xec2 <setup>
	speedRun7 = speedRunForward*65/100;		angle7 = 17;
}
void run(void)
{
	setup();
	unsigned char runCase = 0;
    2652:	c0 e0       	ldi	r28, 0x00	; 0
					runCase = 12;
					break;
					
					case HALF_RIGHT_LINE:
					cnt1 = 0;
					runCase = 13;
    2654:	0d e0       	ldi	r16, 0x0D	; 13
				runCase = 21;
				cnt1 = 0;
				break;
			}
			else {
				switch (checkCrossHalfLine())
    2656:	1b e0       	ldi	r17, 0x0B	; 11
				{
					case HALF_LEFT_LINE:
					cnt1 = 0;
					runCase = 12;
    2658:	dc e0       	ldi	r29, 0x0C	; 12
void run(void)
{
	setup();
	unsigned char runCase = 0;
	while( 1 ) {
		switch( runCase ) {
    265a:	cb 30       	cpi	r28, 0x0B	; 11
    265c:	09 f4       	brne	.+2      	; 0x2660 <run+0x12>
    265e:	5a c0       	rjmp	.+180    	; 0x2714 <run+0xc6>
    2660:	38 f4       	brcc	.+14     	; 0x2670 <run+0x22>
    2662:	c1 30       	cpi	r28, 0x01	; 1
    2664:	41 f1       	breq	.+80     	; 0x26b6 <run+0x68>
    2666:	80 f0       	brcs	.+32     	; 0x2688 <run+0x3a>
    2668:	c2 30       	cpi	r28, 0x02	; 2
    266a:	09 f0       	breq	.+2      	; 0x266e <run+0x20>
    266c:	da c0       	rjmp	.+436    	; 0x2822 <run+0x1d4>
    266e:	35 c0       	rjmp	.+106    	; 0x26da <run+0x8c>
    2670:	cd 30       	cpi	r28, 0x0D	; 13
    2672:	09 f4       	brne	.+2      	; 0x2676 <run+0x28>
    2674:	98 c0       	rjmp	.+304    	; 0x27a6 <run+0x158>
    2676:	08 f4       	brcc	.+2      	; 0x267a <run+0x2c>
    2678:	80 c0       	rjmp	.+256    	; 0x277a <run+0x12c>
    267a:	c5 31       	cpi	r28, 0x15	; 21
    267c:	09 f4       	brne	.+2      	; 0x2680 <run+0x32>
    267e:	a9 c0       	rjmp	.+338    	; 0x27d2 <run+0x184>
    2680:	c4 36       	cpi	r28, 0x64	; 100
    2682:	09 f0       	breq	.+2      	; 0x2686 <run+0x38>
    2684:	ce c0       	rjmp	.+412    	; 0x2822 <run+0x1d4>
    2686:	b6 c0       	rjmp	.+364    	; 0x27f4 <run+0x1a6>
			case 0:
			if((getGateSensor() == 1)){
    2688:	0e 94 0f 05 	call	0xa1e	; 0xa1e <getGateSensor>
    268c:	81 30       	cpi	r24, 0x01	; 1
    268e:	71 f4       	brne	.+28     	; 0x26ac <run+0x5e>
				runCase = 1;
				beep_long(100);
    2690:	84 e6       	ldi	r24, 0x64	; 100
    2692:	90 e0       	ldi	r25, 0x00	; 0
    2694:	0e 94 9a 03 	call	0x734	; 0x734 <beep_long>
	#else
		//round up by default
		__ticks_dc = (uint32_t)(ceil(fabs(__tmp)));
	#endif

	__builtin_avr_delay_cycles(__ticks_dc);
    2698:	2f ef       	ldi	r18, 0xFF	; 255
    269a:	89 e6       	ldi	r24, 0x69	; 105
    269c:	98 e1       	ldi	r25, 0x18	; 24
    269e:	21 50       	subi	r18, 0x01	; 1
    26a0:	80 40       	sbci	r24, 0x00	; 0
    26a2:	90 40       	sbci	r25, 0x00	; 0
    26a4:	e1 f7       	brne	.-8      	; 0x269e <run+0x50>
    26a6:	00 c0       	rjmp	.+0      	; 0x26a8 <run+0x5a>
    26a8:	00 00       	nop
    26aa:	05 c0       	rjmp	.+10     	; 0x26b6 <run+0x68>
				_delay_ms(500);
				break;
			}
			if (SW4)
    26ac:	83 e0       	ldi	r24, 0x03	; 3
    26ae:	0e 94 fc 04 	call	0x9f8	; 0x9f8 <get_key>
    26b2:	88 23       	and	r24, r24
    26b4:	49 f3       	breq	.-46     	; 0x2688 <run+0x3a>
				runCase = 1;
				break;
			}
			break;
			case 1:
			if ((getGateSensor() == 0) || SW4)
    26b6:	0e 94 0f 05 	call	0xa1e	; 0xa1e <getGateSensor>
    26ba:	88 23       	and	r24, r24
    26bc:	29 f0       	breq	.+10     	; 0x26c8 <run+0x7a>
    26be:	83 e0       	ldi	r24, 0x03	; 3
    26c0:	0e 94 fc 04 	call	0x9f8	; 0x9f8 <get_key>
    26c4:	88 23       	and	r24, r24
    26c6:	b9 f3       	breq	.-18     	; 0x26b6 <run+0x68>
			{
				runCase = 2;
				cnt1 = 0;
    26c8:	10 92 50 03 	sts	0x0350, r1	; 0x800350 <cnt1+0x1>
    26cc:	10 92 4f 03 	sts	0x034F, r1	; 0x80034f <cnt1>
				cnt4 = 0;
    26d0:	10 92 4e 03 	sts	0x034E, r1	; 0x80034e <cnt4+0x1>
    26d4:	10 92 4d 03 	sts	0x034D, r1	; 0x80034d <cnt4>
    26d8:	06 c0       	rjmp	.+12     	; 0x26e6 <run+0x98>
				break;
			}
			break;
			case 2:
			//if( cnt1 < 3000 ) {// ch? 3s xu?t phát
			if( cnt1 < 1 ) {// xu?t phát ngay khi b?m nút SW4
    26da:	80 91 4f 03 	lds	r24, 0x034F	; 0x80034f <cnt1>
    26de:	90 91 50 03 	lds	r25, 0x0350	; 0x800350 <cnt1+0x1>
    26e2:	89 2b       	or	r24, r25
    26e4:	51 f4       	brne	.+20     	; 0x26fa <run+0xac>
				handle(0);
    26e6:	80 e0       	ldi	r24, 0x00	; 0
    26e8:	90 e0       	ldi	r25, 0x00	; 0
    26ea:	0e 94 64 04 	call	0x8c8	; 0x8c8 <handle>
				speed(0,0);
    26ee:	60 e0       	ldi	r22, 0x00	; 0
    26f0:	70 e0       	ldi	r23, 0x00	; 0
    26f2:	80 e0       	ldi	r24, 0x00	; 0
    26f4:	90 e0       	ldi	r25, 0x00	; 0
    26f6:	7b d1       	rcall	.+758    	; 0x29ee <speed>
    26f8:	f0 cf       	rjmp	.-32     	; 0x26da <run+0x8c>
			}
			else {
				beep_long(100);
    26fa:	84 e6       	ldi	r24, 0x64	; 100
    26fc:	90 e0       	ldi	r25, 0x00	; 0
    26fe:	0e 94 9a 03 	call	0x734	; 0x734 <beep_long>
				runCase = 11;
				cnt1 = 0;
    2702:	10 92 50 03 	sts	0x0350, r1	; 0x800350 <cnt1+0x1>
    2706:	10 92 4f 03 	sts	0x034F, r1	; 0x80034f <cnt1>
				cnt4 = 0;
    270a:	10 92 4e 03 	sts	0x034E, r1	; 0x80034e <cnt4+0x1>
    270e:	10 92 4d 03 	sts	0x034D, r1	; 0x80034d <cnt4>
    2712:	10 c0       	rjmp	.+32     	; 0x2734 <run+0xe6>
			}
			break;
			case 11:
			/* time run = cnt4 */
			if(cnt4 > RunTimer){
    2714:	20 91 4d 03 	lds	r18, 0x034D	; 0x80034d <cnt4>
    2718:	30 91 4e 03 	lds	r19, 0x034E	; 0x80034e <cnt4+0x1>
    271c:	80 91 16 03 	lds	r24, 0x0316	; 0x800316 <RunTimer>
    2720:	90 91 17 03 	lds	r25, 0x0317	; 0x800317 <RunTimer+0x1>
    2724:	82 17       	cp	r24, r18
    2726:	93 07       	cpc	r25, r19
    2728:	28 f4       	brcc	.+10     	; 0x2734 <run+0xe6>
				runCase = 100;
				cnt1 = 0;
    272a:	10 92 50 03 	sts	0x0350, r1	; 0x800350 <cnt1+0x1>
    272e:	10 92 4f 03 	sts	0x034F, r1	; 0x80034f <cnt1>
    2732:	67 c0       	rjmp	.+206    	; 0x2802 <run+0x1b4>
				break;
			}
			if(checkCrossLine()) {
    2734:	0e 94 64 0a 	call	0x14c8	; 0x14c8 <checkCrossLine>
    2738:	88 23       	and	r24, r24
    273a:	29 f0       	breq	.+10     	; 0x2746 <run+0xf8>
				runCase = 21;
				cnt1 = 0;
    273c:	10 92 50 03 	sts	0x0350, r1	; 0x800350 <cnt1+0x1>
    2740:	10 92 4f 03 	sts	0x034F, r1	; 0x80034f <cnt1>
				break;
    2744:	46 c0       	rjmp	.+140    	; 0x27d2 <run+0x184>
			}
			else {
				switch (checkCrossHalfLine())
    2746:	0e 94 6c 0a 	call	0x14d8	; 0x14d8 <checkCrossHalfLine>
    274a:	81 30       	cpi	r24, 0x01	; 1
    274c:	41 f0       	breq	.+16     	; 0x275e <run+0x110>
    274e:	82 30       	cpi	r24, 0x02	; 2
    2750:	61 f4       	brne	.+24     	; 0x276a <run+0x11c>
				{
					case HALF_LEFT_LINE:
					cnt1 = 0;
    2752:	10 92 50 03 	sts	0x0350, r1	; 0x800350 <cnt1+0x1>
    2756:	10 92 4f 03 	sts	0x034F, r1	; 0x80034f <cnt1>
					runCase = 12;
    275a:	cd 2f       	mov	r28, r29
					break;
    275c:	07 c0       	rjmp	.+14     	; 0x276c <run+0x11e>
					
					case HALF_RIGHT_LINE:
					cnt1 = 0;
    275e:	10 92 50 03 	sts	0x0350, r1	; 0x800350 <cnt1+0x1>
    2762:	10 92 4f 03 	sts	0x034F, r1	; 0x80034f <cnt1>
					runCase = 13;
    2766:	c0 2f       	mov	r28, r16
					break;
    2768:	01 c0       	rjmp	.+2      	; 0x276c <run+0x11e>
				runCase = 21;
				cnt1 = 0;
				break;
			}
			else {
				switch (checkCrossHalfLine())
    276a:	c1 2f       	mov	r28, r17
					
					default :
					break;
				}
			}
			runForwardLine(speedRunForward);
    276c:	80 91 1a 03 	lds	r24, 0x031A	; 0x80031a <speedRunForward>
    2770:	90 91 1b 03 	lds	r25, 0x031B	; 0x80031b <speedRunForward+0x1>
    2774:	0e 94 38 0b 	call	0x1670	; 0x1670 <runForwardLine>
			break;
    2778:	70 cf       	rjmp	.-288    	; 0x265a <run+0xc>
			case 12:
			/* Check of large turning to the right completion */
			if( checkCrossLine()) {   /* Cross line check even during turning */
    277a:	0e 94 64 0a 	call	0x14c8	; 0x14c8 <checkCrossLine>
    277e:	88 23       	and	r24, r24
    2780:	29 f0       	breq	.+10     	; 0x278c <run+0x13e>
				runCase = 21;
				cnt1 = 0;
    2782:	10 92 50 03 	sts	0x0350, r1	; 0x800350 <cnt1+0x1>
    2786:	10 92 4f 03 	sts	0x034F, r1	; 0x80034f <cnt1>
				break;
    278a:	23 c0       	rjmp	.+70     	; 0x27d2 <run+0x184>
			}
			runCase = leftLaneChange(speedChangeLanes);
    278c:	80 91 22 03 	lds	r24, 0x0322	; 0x800322 <speedChangeLanes>
    2790:	90 91 23 03 	lds	r25, 0x0323	; 0x800323 <speedChangeLanes+0x1>
    2794:	c0 d9       	rcall	.-3200   	; 0x1b16 <leftLaneChange>
    2796:	c8 2f       	mov	r28, r24
			cnt1 = 0;
    2798:	10 92 50 03 	sts	0x0350, r1	; 0x800350 <cnt1+0x1>
    279c:	10 92 4f 03 	sts	0x034F, r1	; 0x80034f <cnt1>
			straightLine = 0;
    27a0:	10 92 33 03 	sts	0x0333, r1	; 0x800333 <straightLine>
			break;
    27a4:	5a cf       	rjmp	.-332    	; 0x265a <run+0xc>
			case 13:
			/* Check of large turning completion to the left */
			if( checkCrossLine() ) {   /* Cross line check even during large turn */
    27a6:	0e 94 64 0a 	call	0x14c8	; 0x14c8 <checkCrossLine>
    27aa:	88 23       	and	r24, r24
    27ac:	29 f0       	breq	.+10     	; 0x27b8 <run+0x16a>
				runCase = 21;
				cnt1 = 0;
    27ae:	10 92 50 03 	sts	0x0350, r1	; 0x800350 <cnt1+0x1>
    27b2:	10 92 4f 03 	sts	0x034F, r1	; 0x80034f <cnt1>
				break;
    27b6:	0d c0       	rjmp	.+26     	; 0x27d2 <run+0x184>
			}
			runCase = rightLaneChange(speedChangeLanes);
    27b8:	80 91 22 03 	lds	r24, 0x0322	; 0x800322 <speedChangeLanes>
    27bc:	90 91 23 03 	lds	r25, 0x0323	; 0x800323 <speedChangeLanes+0x1>
    27c0:	75 da       	rcall	.-2838   	; 0x1cac <rightLaneChange>
    27c2:	c8 2f       	mov	r28, r24
			cnt1 = 0;
    27c4:	10 92 50 03 	sts	0x0350, r1	; 0x800350 <cnt1+0x1>
    27c8:	10 92 4f 03 	sts	0x034F, r1	; 0x80034f <cnt1>
			straightLine = 0;
    27cc:	10 92 33 03 	sts	0x0333, r1	; 0x800333 <straightLine>
			break;
    27d0:	44 cf       	rjmp	.-376    	; 0x265a <run+0xc>

			case 21:
			/* Process when first Cross line is detected */
			beep_long(100);
    27d2:	84 e6       	ldi	r24, 0x64	; 100
    27d4:	90 e0       	ldi	r25, 0x00	; 0
    27d6:	0e 94 9a 03 	call	0x734	; 0x734 <beep_long>
			runCase = turn90(speed90);
    27da:	80 91 06 03 	lds	r24, 0x0306	; 0x800306 <speed90>
    27de:	90 91 07 03 	lds	r25, 0x0307	; 0x800307 <speed90+0x1>
    27e2:	01 dd       	rcall	.-1534   	; 0x21e6 <turn90>
    27e4:	c8 2f       	mov	r28, r24
			cnt1 = 0;
    27e6:	10 92 50 03 	sts	0x0350, r1	; 0x800350 <cnt1+0x1>
    27ea:	10 92 4f 03 	sts	0x034F, r1	; 0x80034f <cnt1>
			straightLine = 0;
    27ee:	10 92 33 03 	sts	0x0333, r1	; 0x800333 <straightLine>
			break;
    27f2:	33 cf       	rjmp	.-410    	; 0x265a <run+0xc>
			
			case 100:
			if (cnt1<500)
    27f4:	80 91 4f 03 	lds	r24, 0x034F	; 0x80034f <cnt1>
    27f8:	90 91 50 03 	lds	r25, 0x0350	; 0x800350 <cnt1+0x1>
    27fc:	84 3f       	cpi	r24, 0xF4	; 244
    27fe:	91 40       	sbci	r25, 0x01	; 1
    2800:	30 f4       	brcc	.+12     	; 0x280e <run+0x1c0>
			{
				speed(0,0);
    2802:	60 e0       	ldi	r22, 0x00	; 0
    2804:	70 e0       	ldi	r23, 0x00	; 0
    2806:	80 e0       	ldi	r24, 0x00	; 0
    2808:	90 e0       	ldi	r25, 0x00	; 0
    280a:	f1 d0       	rcall	.+482    	; 0x29ee <speed>
    280c:	f3 cf       	rjmp	.-26     	; 0x27f4 <run+0x1a6>
			}
			else
			{
				speed(0,0);
    280e:	60 e0       	ldi	r22, 0x00	; 0
    2810:	70 e0       	ldi	r23, 0x00	; 0
    2812:	80 e0       	ldi	r24, 0x00	; 0
    2814:	90 e0       	ldi	r25, 0x00	; 0
    2816:	eb d0       	rcall	.+470    	; 0x29ee <speed>
    2818:	80 e0       	ldi	r24, 0x00	; 0
				handle(0);
    281a:	90 e0       	ldi	r25, 0x00	; 0
    281c:	0e 94 64 04 	call	0x8c8	; 0x8c8 <handle>
    2820:	e9 cf       	rjmp	.-46     	; 0x27f4 <run+0x1a6>
    2822:	10 92 50 03 	sts	0x0350, r1	; 0x800350 <cnt1+0x1>
			}
			break;
			default:
			runCase = 11;
			cnt1 = 0;
    2826:	10 92 4f 03 	sts	0x034F, r1	; 0x80034f <cnt1>
    282a:	74 cf       	rjmp	.-280    	; 0x2714 <run+0xc6>

0000282c <__vector_23>:
/*  Description: interrupt timer1 with*/
/*               cycle 1ms used to    */
/*               manage program       */
/*====================================*/
ISR (TIMER0_OVF_vect)
{
    282c:	1f 92       	push	r1
    282e:	0f 92       	push	r0
    2830:	0f b6       	in	r0, 0x3f	; 63
    2832:	0f 92       	push	r0
    2834:	11 24       	eor	r1, r1
    2836:	0b b6       	in	r0, 0x3b	; 59
    2838:	0f 92       	push	r0
    283a:	2f 93       	push	r18
    283c:	3f 93       	push	r19
    283e:	4f 93       	push	r20
    2840:	5f 93       	push	r21
    2842:	6f 93       	push	r22
    2844:	7f 93       	push	r23
    2846:	8f 93       	push	r24
    2848:	9f 93       	push	r25
    284a:	af 93       	push	r26
    284c:	bf 93       	push	r27
    284e:	ef 93       	push	r30
    2850:	ff 93       	push	r31
	// Reinitialize Timer 1 value
	TCNT0 = 0x06;
    2852:	86 e0       	ldi	r24, 0x06	; 6
    2854:	86 bd       	out	0x26, r24	; 38
	
	virtual_timer();
    2856:	e4 d2       	rcall	.+1480   	; 0x2e20 <virtual_timer>
	beep_mod();
    2858:	0e 94 87 03 	call	0x70e	; 0x70e <beep_mod>
	update_input();
    285c:	0e 94 d6 04 	call	0x9ac	; 0x9ac <update_input>
	read_sensor();
    2860:	0e 94 ef 02 	call	0x5de	; 0x5de <read_sensor>
	led_put(sensor);
    2864:	80 91 d9 02 	lds	r24, 0x02D9	; 0x8002d9 <sensor>
    2868:	0e 94 36 07 	call	0xe6c	; 0xe6c <led_put>
}
    286c:	ff 91       	pop	r31
    286e:	ef 91       	pop	r30
    2870:	bf 91       	pop	r27
    2872:	af 91       	pop	r26
    2874:	9f 91       	pop	r25
    2876:	8f 91       	pop	r24
    2878:	7f 91       	pop	r23
    287a:	6f 91       	pop	r22
    287c:	5f 91       	pop	r21
    287e:	4f 91       	pop	r20
    2880:	3f 91       	pop	r19
    2882:	2f 91       	pop	r18
    2884:	0f 90       	pop	r0
    2886:	0b be       	out	0x3b, r0	; 59
    2888:	0f 90       	pop	r0
    288a:	0f be       	out	0x3f, r0	; 63
    288c:	0f 90       	pop	r0
    288e:	1f 90       	pop	r1
    2890:	18 95       	reti

00002892 <init>:
/*  Description: initial configuration*/
/*              for ATmega64 MCU      */
/*====================================*/
void atmega2560_init(){
	// Turn Off Analog Comparator: Off
	ACSR=0x80;
    2892:	80 e8       	ldi	r24, 0x80	; 128
    2894:	80 bf       	out	0x30, r24	; 48
/*               2. Initialize system */
/*====================================*/
void init()
{
	atmega2560_init();
	handle_init();
    2896:	0e 94 44 04 	call	0x888	; 0x888 <handle_init>
	speed_init();
    289a:	76 d0       	rcall	.+236    	; 0x2988 <speed_init>
	timer_init();
    289c:	a8 d2       	rcall	.+1360   	; 0x2dee <timer_init>
    289e:	0e 94 9b 02 	call	0x536	; 0x536 <adc_init>
	adc_init();
    28a2:	0e 94 7b 03 	call	0x6f6	; 0x6f6 <beep_init>
	beep_init();
    28a6:	0e 94 28 07 	call	0xe50	; 0xe50 <led_init>
	led_init();
    28aa:	0e 94 b3 04 	call	0x966	; 0x966 <input_init>
	input_init();
    28ae:	0e 94 fb 03 	call	0x7f6	; 0x7f6 <encoder_init>
	encoder_init();
    28b2:	0e 94 8a 04 	call	0x914	; 0x914 <read_handle_center>
	read_handle_center ();
    28b6:	80 e0       	ldi	r24, 0x00	; 0
	handle(0);
    28b8:	90 e0       	ldi	r25, 0x00	; 0
    28ba:	0e 94 64 04 	call	0x8c8	; 0x8c8 <handle>
    28be:	0e 94 75 03 	call	0x6ea	; 0x6ea <read_vcompare>
	read_vcompare();	//read v_compare values form eeprom
    28c2:	0c 94 59 05 	jmp	0xab2	; 0xab2 <LCD_Init>
	LCD_Init();
    28c6:	08 95       	ret

000028c8 <batteryCheck>:
    28c8:	cf 93       	push	r28
}
void batteryCheck()
{
    28ca:	df 93       	push	r29
	int volt = read_bat()*100/342;
    28cc:	0e 94 bd 02 	call	0x57a	; 0x57a <read_bat>
    28d0:	ec 01       	movw	r28, r24
	LCD_Gotoxy(3,0);
    28d2:	60 e0       	ldi	r22, 0x00	; 0
    28d4:	83 e0       	ldi	r24, 0x03	; 3
    28d6:	0e 94 3c 05 	call	0xa78	; 0xa78 <LCD_Gotoxy>
	LCD_PutDec(volt);
    28da:	84 e6       	ldi	r24, 0x64	; 100
    28dc:	8c 9f       	mul	r24, r28
    28de:	90 01       	movw	r18, r0
    28e0:	8d 9f       	mul	r24, r29
    28e2:	30 0d       	add	r19, r0
    28e4:	11 24       	eor	r1, r1
    28e6:	36 95       	lsr	r19
    28e8:	27 95       	ror	r18
    28ea:	a1 ea       	ldi	r26, 0xA1	; 161
    28ec:	bf eb       	ldi	r27, 0xBF	; 191
    28ee:	04 d3       	rcall	.+1544   	; 0x2ef8 <__umulhisi3>
    28f0:	88 0f       	add	r24, r24
    28f2:	89 2f       	mov	r24, r25
    28f4:	88 1f       	adc	r24, r24
    28f6:	99 0b       	sbc	r25, r25
    28f8:	91 95       	neg	r25
    28fa:	0e 94 cf 05 	call	0xb9e	; 0xb9e <LCD_PutDec>
	while(read_bat()<300){
    28fe:	0d c0       	rjmp	.+26     	; 0x291a <batteryCheck+0x52>
		beep_long(20);
    2900:	84 e1       	ldi	r24, 0x14	; 20
    2902:	90 e0       	ldi	r25, 0x00	; 0
    2904:	0e 94 9a 03 	call	0x734	; 0x734 <beep_long>
    2908:	2f ef       	ldi	r18, 0xFF	; 255
    290a:	81 ee       	ldi	r24, 0xE1	; 225
    290c:	94 e0       	ldi	r25, 0x04	; 4
    290e:	21 50       	subi	r18, 0x01	; 1
    2910:	80 40       	sbci	r24, 0x00	; 0
    2912:	90 40       	sbci	r25, 0x00	; 0
    2914:	e1 f7       	brne	.-8      	; 0x290e <batteryCheck+0x46>
    2916:	00 c0       	rjmp	.+0      	; 0x2918 <batteryCheck+0x50>
    2918:	00 00       	nop
void batteryCheck()
{
	int volt = read_bat()*100/342;
	LCD_Gotoxy(3,0);
	LCD_PutDec(volt);
	while(read_bat()<300){
    291a:	0e 94 bd 02 	call	0x57a	; 0x57a <read_bat>
    291e:	8c 32       	cpi	r24, 0x2C	; 44
    2920:	91 40       	sbci	r25, 0x01	; 1
    2922:	70 f3       	brcs	.-36     	; 0x2900 <batteryCheck+0x38>
		beep_long(20);
		_delay_ms(100);
	}
}
    2924:	df 91       	pop	r29
    2926:	cf 91       	pop	r28
    2928:	08 95       	ret

0000292a <main>:
/*               2. Initialize system */
/*               3. Run application  */
/*====================================*/
int main()
{
	init();         // initialize system
    292a:	b3 df       	rcall	.-154    	; 0x2892 <init>
	asm("sei");		// global interrupt enable
    292c:	78 94       	sei
	speed(0,0);
    292e:	60 e0       	ldi	r22, 0x00	; 0
    2930:	70 e0       	ldi	r23, 0x00	; 0
    2932:	80 e0       	ldi	r24, 0x00	; 0
    2934:	90 e0       	ldi	r25, 0x00	; 0
    2936:	5b d0       	rcall	.+182    	; 0x29ee <speed>
	testing_flag = 1;
    2938:	81 e0       	ldi	r24, 0x01	; 1
    293a:	80 93 08 02 	sts	0x0208, r24	; 0x800208 <testing_flag>
	beep_long(20);	// speaker on during 20ms
    293e:	84 e1       	ldi	r24, 0x14	; 20
    2940:	90 e0       	ldi	r25, 0x00	; 0
    2942:	0e 94 9a 03 	call	0x734	; 0x734 <beep_long>
	LCD_Gotoxy(3,0);
    2946:	60 e0       	ldi	r22, 0x00	; 0
    2948:	83 e0       	ldi	r24, 0x03	; 3
    294a:	0e 94 3c 05 	call	0xa78	; 0xa78 <LCD_Gotoxy>
	LCD_Puts("EIU MCR");
    294e:	84 e7       	ldi	r24, 0x74	; 116
    2950:	92 e0       	ldi	r25, 0x02	; 2
    2952:	0e 94 bf 05 	call	0xb7e	; 0xb7e <LCD_Puts>
	LCD_Gotoxy(2,1);
    2956:	61 e0       	ldi	r22, 0x01	; 1
    2958:	82 e0       	ldi	r24, 0x02	; 2
    295a:	0e 94 3c 05 	call	0xa78	; 0xa78 <LCD_Gotoxy>
	LCD_Puts("EIU.EDU.VN");
    295e:	8c e7       	ldi	r24, 0x7C	; 124
    2960:	92 e0       	ldi	r25, 0x02	; 2
    2962:	0e 94 bf 05 	call	0xb7e	; 0xb7e <LCD_Puts>
    2966:	2f ef       	ldi	r18, 0xFF	; 255
    2968:	8d e3       	ldi	r24, 0x3D	; 61
    296a:	99 e4       	ldi	r25, 0x49	; 73
    296c:	21 50       	subi	r18, 0x01	; 1
    296e:	80 40       	sbci	r24, 0x00	; 0
    2970:	90 40       	sbci	r25, 0x00	; 0
    2972:	e1 f7       	brne	.-8      	; 0x296c <main+0x42>
    2974:	00 c0       	rjmp	.+0      	; 0x2976 <main+0x4c>
    2976:	00 00       	nop
	_delay_ms(1500);
	LCD_Clr();
    2978:	0e 94 50 05 	call	0xaa0	; 0xaa0 <LCD_Clr>
	batteryCheck();// if low battery the beep is on, battery must be charge
	test();
    297c:	a5 df       	rcall	.-182    	; 0x28c8 <batteryCheck>
    297e:	72 d0       	rcall	.+228    	; 0x2a64 <test>
	run();
    2980:	66 de       	rcall	.-820    	; 0x264e <run>
    2982:	81 e0       	ldi	r24, 0x01	; 1
	return 1;
}
    2984:	90 e0       	ldi	r25, 0x00	; 0
    2986:	08 95       	ret

00002988 <speed_init>:
/*  Description: configure hardware   */
/*               for PWM (speed)      */
/*               function             */
/*====================================*/
void speed_init(){
	DIR_DDR  |=  _BV(DIR_LEFT)|_BV(DIR_RIGHT)|_BV(DIR_STEERING);
    2988:	8d b1       	in	r24, 0x0d	; 13
    298a:	84 6c       	ori	r24, 0xC4	; 196
    298c:	8d b9       	out	0x0d, r24	; 13
	PWM_DDR  |=  _BV(PWM_LEFT)|_BV(PWM_RIGHT)|_BV(PWM_STEERING);
    298e:	8d b1       	in	r24, 0x0d	; 13
    2990:	88 63       	ori	r24, 0x38	; 56
    2992:	8d b9       	out	0x0d, r24	; 13
	BRAKE_DDR  |=  _BV(BRAKE_RIGHT)|_BV(BRAKE_LEFT)|_BV(BRAKE_STEERING);
    2994:	84 b1       	in	r24, 0x04	; 4
    2996:	87 60       	ori	r24, 0x07	; 7
    2998:	84 b9       	out	0x04, r24	; 4
	BRAKE_POUT  |=  _BV(BRAKE_RIGHT)|_BV(BRAKE_LEFT)|_BV(BRAKE_STEERING);
    299a:	85 b1       	in	r24, 0x05	; 5
    299c:	87 60       	ori	r24, 0x07	; 7
    299e:	85 b9       	out	0x05, r24	; 5
	// Timer3 Overflow Interrupt: Off
	// Input Capture Interrupt: Off
	// Compare A Match Interrupt: Off
	// Compare B Match Interrupt: Off
	// Compare C Match Interrupt: Off
	TCCR3A=(1<<COM3A1) | (0<<COM3A0) | (1<<COM3B1) | (0<<COM3B0) | (1<<COM3C1) | (0<<COM3C0) | (0<<WGM31) | (1<<WGM30);
    29a0:	89 ea       	ldi	r24, 0xA9	; 169
    29a2:	80 93 90 00 	sts	0x0090, r24	; 0x800090 <__TEXT_REGION_LENGTH__+0x7c0090>
	TCCR3B=(0<<ICNC3) | (0<<ICES3) | (0<<WGM33) | (0<<WGM32) | (0<<CS32) | (1<<CS31) | (0<<CS30);
    29a6:	82 e0       	ldi	r24, 0x02	; 2
    29a8:	80 93 91 00 	sts	0x0091, r24	; 0x800091 <__TEXT_REGION_LENGTH__+0x7c0091>
	TCNT3H=0x00;
    29ac:	10 92 95 00 	sts	0x0095, r1	; 0x800095 <__TEXT_REGION_LENGTH__+0x7c0095>
	TCNT3L=0x00;
    29b0:	10 92 94 00 	sts	0x0094, r1	; 0x800094 <__TEXT_REGION_LENGTH__+0x7c0094>
	ICR3H=0x00;
    29b4:	10 92 97 00 	sts	0x0097, r1	; 0x800097 <__TEXT_REGION_LENGTH__+0x7c0097>
	ICR3L=0x00;
    29b8:	10 92 96 00 	sts	0x0096, r1	; 0x800096 <__TEXT_REGION_LENGTH__+0x7c0096>
	OCR3AH=0x00;
    29bc:	10 92 99 00 	sts	0x0099, r1	; 0x800099 <__TEXT_REGION_LENGTH__+0x7c0099>
	OCR3AL=0x00;
    29c0:	10 92 98 00 	sts	0x0098, r1	; 0x800098 <__TEXT_REGION_LENGTH__+0x7c0098>
	OCR3BH=0x00;
    29c4:	10 92 9b 00 	sts	0x009B, r1	; 0x80009b <__TEXT_REGION_LENGTH__+0x7c009b>
	OCR3BL=0x00;
    29c8:	10 92 9a 00 	sts	0x009A, r1	; 0x80009a <__TEXT_REGION_LENGTH__+0x7c009a>
	OCR3CH=0x00;
    29cc:	10 92 9d 00 	sts	0x009D, r1	; 0x80009d <__TEXT_REGION_LENGTH__+0x7c009d>
	OCR3CL=0x00;
    29d0:	10 92 9c 00 	sts	0x009C, r1	; 0x80009c <__TEXT_REGION_LENGTH__+0x7c009c>
    29d4:	08 95       	ret

000029d6 <set_left_dir>:
/*  Parameter: _dir                   */
/*  Description: setting direction for*/
/*             left motor             */
/*====================================*/
void set_left_dir(unsigned char _dir){
	if(_dir == FORWARD)
    29d6:	81 30       	cpi	r24, 0x01	; 1
    29d8:	11 f4       	brne	.+4      	; 0x29de <set_left_dir+0x8>
		DIR_POUT |= _BV(DIR_LEFT);
    29da:	72 9a       	sbi	0x0e, 2	; 14
    29dc:	08 95       	ret
	else
		DIR_POUT &= ~_BV(DIR_LEFT);
    29de:	72 98       	cbi	0x0e, 2	; 14
    29e0:	08 95       	ret

000029e2 <set_right_dir>:
/*  Parameter: _dir                   */
/*  Description: setting direction for*/
/*             right motor            */
/*====================================*/
void set_right_dir(unsigned char _dir){
	if(_dir == FORWARD)
    29e2:	81 30       	cpi	r24, 0x01	; 1
    29e4:	11 f4       	brne	.+4      	; 0x29ea <set_right_dir+0x8>
		DIR_POUT |= _BV(DIR_RIGHT);
    29e6:	76 9a       	sbi	0x0e, 6	; 14
    29e8:	08 95       	ret
	else
		DIR_POUT &= ~_BV(DIR_RIGHT);
    29ea:	76 98       	cbi	0x0e, 6	; 14
    29ec:	08 95       	ret

000029ee <speed>:
/*  Function name: speed              */
/*  Parameter:_left_speed,_right_speed*/
/*  Description: setting speed for    */
/*             left and right motor   */
/*====================================*/
void speed(int _right_speed , int _left_speed){
    29ee:	0f 93       	push	r16
    29f0:	1f 93       	push	r17
    29f2:	cf 93       	push	r28
    29f4:	df 93       	push	r29
    29f6:	ec 01       	movw	r28, r24
    29f8:	8b 01       	movw	r16, r22

	if(_left_speed >= 0){
    29fa:	77 23       	and	r23, r23
    29fc:	1c f0       	brlt	.+6      	; 0x2a04 <speed+0x16>
		set_left_dir(FORWARD);
    29fe:	81 e0       	ldi	r24, 0x01	; 1
    2a00:	ea df       	rcall	.-44     	; 0x29d6 <set_left_dir>
    2a02:	05 c0       	rjmp	.+10     	; 0x2a0e <speed+0x20>
	}else{
		_left_speed = -_left_speed;
    2a04:	11 95       	neg	r17
    2a06:	01 95       	neg	r16
    2a08:	11 09       	sbc	r17, r1
		set_left_dir(BACKWARD);
    2a0a:	80 e0       	ldi	r24, 0x00	; 0
    2a0c:	e4 df       	rcall	.-56     	; 0x29d6 <set_left_dir>
	}
	if(_right_speed >= 0){
    2a0e:	dd 23       	and	r29, r29
		set_right_dir(FORWARD);
    2a10:	1c f0       	brlt	.+6      	; 0x2a18 <speed+0x2a>
    2a12:	81 e0       	ldi	r24, 0x01	; 1
    2a14:	e6 df       	rcall	.-52     	; 0x29e2 <set_right_dir>
    2a16:	05 c0       	rjmp	.+10     	; 0x2a22 <speed+0x34>
	}else{
		_right_speed = -_right_speed;
    2a18:	d1 95       	neg	r29
    2a1a:	c1 95       	neg	r28
		set_right_dir(BACKWARD);
    2a1c:	d1 09       	sbc	r29, r1
    2a1e:	80 e0       	ldi	r24, 0x00	; 0
    2a20:	e0 df       	rcall	.-64     	; 0x29e2 <set_right_dir>
    2a22:	0f 3f       	cpi	r16, 0xFF	; 255
    2a24:	11 05       	cpc	r17, r1
    2a26:	19 f0       	breq	.+6      	; 0x2a2e <speed+0x40>
    2a28:	14 f0       	brlt	.+4      	; 0x2a2e <speed+0x40>
    2a2a:	0f ef       	ldi	r16, 0xFF	; 255
    2a2c:	10 e0       	ldi	r17, 0x00	; 0
    2a2e:	cf 3f       	cpi	r28, 0xFF	; 255
    2a30:	d1 05       	cpc	r29, r1
    2a32:	19 f0       	breq	.+6      	; 0x2a3a <speed+0x4c>
    2a34:	14 f0       	brlt	.+4      	; 0x2a3a <speed+0x4c>
    2a36:	cf ef       	ldi	r28, 0xFF	; 255
    2a38:	d0 e0       	ldi	r29, 0x00	; 0
	if(_left_speed < MIN_SPEED)  _left_speed = 0;
	
	if(_right_speed > MAX_SPEED)  _right_speed = MAX_SPEED;
	if(_right_speed < MIN_SPEED)  _right_speed = 0;

	LEFT_SPEED  = _left_speed;
    2a3a:	11 23       	and	r17, r17
    2a3c:	14 f4       	brge	.+4      	; 0x2a42 <speed+0x54>
    2a3e:	00 e0       	ldi	r16, 0x00	; 0
    2a40:	10 e0       	ldi	r17, 0x00	; 0
    2a42:	10 93 99 00 	sts	0x0099, r17	; 0x800099 <__TEXT_REGION_LENGTH__+0x7c0099>
    2a46:	00 93 98 00 	sts	0x0098, r16	; 0x800098 <__TEXT_REGION_LENGTH__+0x7c0098>
	RIGHT_SPEED = _right_speed;
    2a4a:	dd 23       	and	r29, r29
    2a4c:	14 f4       	brge	.+4      	; 0x2a52 <speed+0x64>
    2a4e:	c0 e0       	ldi	r28, 0x00	; 0
    2a50:	d0 e0       	ldi	r29, 0x00	; 0
    2a52:	d0 93 9b 00 	sts	0x009B, r29	; 0x80009b <__TEXT_REGION_LENGTH__+0x7c009b>
    2a56:	c0 93 9a 00 	sts	0x009A, r28	; 0x80009a <__TEXT_REGION_LENGTH__+0x7c009a>
}
    2a5a:	df 91       	pop	r29
    2a5c:	cf 91       	pop	r28
    2a5e:	1f 91       	pop	r17
    2a60:	0f 91       	pop	r16
    2a62:	08 95       	ret

00002a64 <test>:
/*  Description: to implement cases   */
/*              to test all modules   */
/*              on the car       */
/*====================================*/

void test(){
    2a64:	cf 93       	push	r28
    2a66:	df 93       	push	r29
			break;
			case 4://the RGB light turns blue
			RGB(0,1,1);
			LCD_Clr();
			LCD_Gotoxy(0,0);
			LCD_PutDec(sensor_value[7]);
    2a68:	cc ed       	ldi	r28, 0xDC	; 220
    2a6a:	d2 e0       	ldi	r29, 0x02	; 2
/*              to test all modules   */
/*              on the car       */
/*====================================*/

void test(){
	while(testing_flag == 1){
    2a6c:	b8 c1       	rjmp	.+880    	; 0x2dde <test+0x37a>
		switch(get_dipsw()){
    2a6e:	0e 94 0a 05 	call	0xa14	; 0xa14 <get_dipsw>
    2a72:	82 30       	cpi	r24, 0x02	; 2
    2a74:	09 f4       	brne	.+2      	; 0x2a78 <test+0x14>
    2a76:	91 c0       	rjmp	.+290    	; 0x2b9a <test+0x136>
    2a78:	28 f4       	brcc	.+10     	; 0x2a84 <test+0x20>
    2a7a:	88 23       	and	r24, r24
    2a7c:	61 f0       	breq	.+24     	; 0x2a96 <test+0x32>
    2a7e:	81 30       	cpi	r24, 0x01	; 1
    2a80:	e9 f1       	breq	.+122    	; 0x2afc <test+0x98>
    2a82:	79 c1       	rjmp	.+754    	; 0x2d76 <test+0x312>
    2a84:	84 30       	cpi	r24, 0x04	; 4
    2a86:	09 f4       	brne	.+2      	; 0x2a8a <test+0x26>
    2a88:	f9 c0       	rjmp	.+498    	; 0x2c7c <test+0x218>
    2a8a:	08 f4       	brcc	.+2      	; 0x2a8e <test+0x2a>
    2a8c:	e7 c0       	rjmp	.+462    	; 0x2c5c <test+0x1f8>
    2a8e:	85 30       	cpi	r24, 0x05	; 5
    2a90:	09 f4       	brne	.+2      	; 0x2a94 <test+0x30>
    2a92:	45 c1       	rjmp	.+650    	; 0x2d1e <test+0x2ba>
    2a94:	70 c1       	rjmp	.+736    	; 0x2d76 <test+0x312>
			case 0:
			RGB(1,0,0); //the RGB light turns red
    2a96:	40 e0       	ldi	r20, 0x00	; 0
    2a98:	60 e0       	ldi	r22, 0x00	; 0
    2a9a:	81 e0       	ldi	r24, 0x01	; 1
    2a9c:	0e 94 39 07 	call	0xe72	; 0xe72 <RGB>
			/*************line sensor calibration************/
			if (SW1){	// press SW1 to update black value
    2aa0:	80 e0       	ldi	r24, 0x00	; 0
    2aa2:	0e 94 fc 04 	call	0x9f8	; 0x9f8 <get_key>
    2aa6:	88 23       	and	r24, r24
    2aa8:	31 f0       	breq	.+12     	; 0x2ab6 <test+0x52>
				update_black();
    2aaa:	0e 94 4f 03 	call	0x69e	; 0x69e <update_black>
				beep_long(20);
    2aae:	84 e1       	ldi	r24, 0x14	; 20
    2ab0:	90 e0       	ldi	r25, 0x00	; 0
    2ab2:	0e 94 9a 03 	call	0x734	; 0x734 <beep_long>
			}
			if (SW2){	// press SW2 to update white value
    2ab6:	81 e0       	ldi	r24, 0x01	; 1
    2ab8:	0e 94 fc 04 	call	0x9f8	; 0x9f8 <get_key>
    2abc:	88 23       	and	r24, r24
    2abe:	31 f0       	breq	.+12     	; 0x2acc <test+0x68>
				update_white();
    2ac0:	0e 94 29 03 	call	0x652	; 0x652 <update_white>
				beep_long(100);
    2ac4:	84 e6       	ldi	r24, 0x64	; 100
    2ac6:	90 e0       	ldi	r25, 0x00	; 0
    2ac8:	0e 94 9a 03 	call	0x734	; 0x734 <beep_long>
			}
			if (SW3){	// press SW3 to save sensor value
    2acc:	82 e0       	ldi	r24, 0x02	; 2
    2ace:	0e 94 fc 04 	call	0x9f8	; 0x9f8 <get_key>
    2ad2:	88 23       	and	r24, r24
    2ad4:	31 f0       	breq	.+12     	; 0x2ae2 <test+0x7e>
				update_vcompare();
    2ad6:	0e 94 0a 03 	call	0x614	; 0x614 <update_vcompare>
				beep_long(300);
    2ada:	8c e2       	ldi	r24, 0x2C	; 44
    2adc:	91 e0       	ldi	r25, 0x01	; 1
    2ade:	0e 94 9a 03 	call	0x734	; 0x734 <beep_long>
			}
			if (SW4){	// press SW4 to save sensor value
    2ae2:	83 e0       	ldi	r24, 0x03	; 3
    2ae4:	0e 94 fc 04 	call	0x9f8	; 0x9f8 <get_key>
    2ae8:	88 23       	and	r24, r24
    2aea:	09 f4       	brne	.+2      	; 0x2aee <test+0x8a>
    2aec:	78 c1       	rjmp	.+752    	; 0x2dde <test+0x37a>
				update_vcompare();
    2aee:	0e 94 0a 03 	call	0x614	; 0x614 <update_vcompare>
				beep_long(300);
    2af2:	8c e2       	ldi	r24, 0x2C	; 44
    2af4:	91 e0       	ldi	r25, 0x01	; 1
    2af6:	0e 94 9a 03 	call	0x734	; 0x734 <beep_long>
    2afa:	71 c1       	rjmp	.+738    	; 0x2dde <test+0x37a>
			}
			break;
			case 1:
			RGB(0,1,0);//the RGB light turns green
    2afc:	40 e0       	ldi	r20, 0x00	; 0
    2afe:	61 e0       	ldi	r22, 0x01	; 1
    2b00:	80 e0       	ldi	r24, 0x00	; 0
    2b02:	0e 94 39 07 	call	0xe72	; 0xe72 <RGB>
			/************test DC motor***********/
			if (SW2){			// press KEY1 to run left motor  backward
    2b06:	81 e0       	ldi	r24, 0x01	; 1
    2b08:	0e 94 fc 04 	call	0x9f8	; 0x9f8 <get_key>
    2b0c:	88 23       	and	r24, r24
    2b0e:	61 f0       	breq	.+24     	; 0x2b28 <test+0xc4>
				speed(-250,0);
    2b10:	60 e0       	ldi	r22, 0x00	; 0
    2b12:	70 e0       	ldi	r23, 0x00	; 0
    2b14:	86 e0       	ldi	r24, 0x06	; 6
    2b16:	9f ef       	ldi	r25, 0xFF	; 255
    2b18:	6a df       	rcall	.-300    	; 0x29ee <speed>
    2b1a:	8f e3       	ldi	r24, 0x3F	; 63
    2b1c:	9c e9       	ldi	r25, 0x9C	; 156
    2b1e:	01 97       	sbiw	r24, 0x01	; 1
    2b20:	f1 f7       	brne	.-4      	; 0x2b1e <test+0xba>
    2b22:	00 c0       	rjmp	.+0      	; 0x2b24 <test+0xc0>
    2b24:	00 00       	nop
    2b26:	5b c1       	rjmp	.+694    	; 0x2dde <test+0x37a>
				_delay_ms(10);
				}else if(SW1){		// press KEY0 to run left motor forward
    2b28:	80 e0       	ldi	r24, 0x00	; 0
    2b2a:	0e 94 fc 04 	call	0x9f8	; 0x9f8 <get_key>
    2b2e:	88 23       	and	r24, r24
    2b30:	61 f0       	breq	.+24     	; 0x2b4a <test+0xe6>
				speed(250,0);
    2b32:	60 e0       	ldi	r22, 0x00	; 0
    2b34:	70 e0       	ldi	r23, 0x00	; 0
    2b36:	8a ef       	ldi	r24, 0xFA	; 250
    2b38:	90 e0       	ldi	r25, 0x00	; 0
    2b3a:	59 df       	rcall	.-334    	; 0x29ee <speed>
    2b3c:	8f e3       	ldi	r24, 0x3F	; 63
    2b3e:	9c e9       	ldi	r25, 0x9C	; 156
    2b40:	01 97       	sbiw	r24, 0x01	; 1
    2b42:	f1 f7       	brne	.-4      	; 0x2b40 <test+0xdc>
    2b44:	00 c0       	rjmp	.+0      	; 0x2b46 <test+0xe2>
    2b46:	00 00       	nop
    2b48:	4a c1       	rjmp	.+660    	; 0x2dde <test+0x37a>
				_delay_ms(10);
				}else if(SW4){		// press KEY3 to run right motor backward
    2b4a:	83 e0       	ldi	r24, 0x03	; 3
    2b4c:	0e 94 fc 04 	call	0x9f8	; 0x9f8 <get_key>
    2b50:	88 23       	and	r24, r24
    2b52:	61 f0       	breq	.+24     	; 0x2b6c <test+0x108>
				speed(0,-250);
    2b54:	66 e0       	ldi	r22, 0x06	; 6
    2b56:	7f ef       	ldi	r23, 0xFF	; 255
    2b58:	80 e0       	ldi	r24, 0x00	; 0
    2b5a:	90 e0       	ldi	r25, 0x00	; 0
    2b5c:	48 df       	rcall	.-368    	; 0x29ee <speed>
    2b5e:	8f e3       	ldi	r24, 0x3F	; 63
    2b60:	9c e9       	ldi	r25, 0x9C	; 156
    2b62:	01 97       	sbiw	r24, 0x01	; 1
    2b64:	f1 f7       	brne	.-4      	; 0x2b62 <test+0xfe>
    2b66:	00 c0       	rjmp	.+0      	; 0x2b68 <test+0x104>
    2b68:	00 00       	nop
    2b6a:	39 c1       	rjmp	.+626    	; 0x2dde <test+0x37a>
				_delay_ms(10);
				}else if(SW3){		// press KEY2 to run right motor forward
    2b6c:	82 e0       	ldi	r24, 0x02	; 2
    2b6e:	0e 94 fc 04 	call	0x9f8	; 0x9f8 <get_key>
    2b72:	88 23       	and	r24, r24
    2b74:	61 f0       	breq	.+24     	; 0x2b8e <test+0x12a>
				speed(0, 250);
    2b76:	6a ef       	ldi	r22, 0xFA	; 250
    2b78:	70 e0       	ldi	r23, 0x00	; 0
    2b7a:	80 e0       	ldi	r24, 0x00	; 0
    2b7c:	90 e0       	ldi	r25, 0x00	; 0
    2b7e:	37 df       	rcall	.-402    	; 0x29ee <speed>
    2b80:	8f e3       	ldi	r24, 0x3F	; 63
    2b82:	9c e9       	ldi	r25, 0x9C	; 156
    2b84:	01 97       	sbiw	r24, 0x01	; 1
    2b86:	f1 f7       	brne	.-4      	; 0x2b84 <test+0x120>
    2b88:	00 c0       	rjmp	.+0      	; 0x2b8a <test+0x126>
    2b8a:	00 00       	nop
    2b8c:	28 c1       	rjmp	.+592    	; 0x2dde <test+0x37a>
				_delay_ms(10);
				}else{				// stop
				speed(0,0);
    2b8e:	60 e0       	ldi	r22, 0x00	; 0
    2b90:	70 e0       	ldi	r23, 0x00	; 0
    2b92:	80 e0       	ldi	r24, 0x00	; 0
    2b94:	90 e0       	ldi	r25, 0x00	; 0
    2b96:	2b df       	rcall	.-426    	; 0x29ee <speed>
    2b98:	22 c1       	rjmp	.+580    	; 0x2dde <test+0x37a>
			}
			
			break;
			case 2:
			RGB(0,0,1);//the RGB light turns blue
    2b9a:	41 e0       	ldi	r20, 0x01	; 1
    2b9c:	60 e0       	ldi	r22, 0x00	; 0
    2b9e:	80 e0       	ldi	r24, 0x00	; 0
    2ba0:	0e 94 39 07 	call	0xe72	; 0xe72 <RGB>
			/************test RC servo***********/
			if (SW3){			// press SW3 to turn right
    2ba4:	82 e0       	ldi	r24, 0x02	; 2
    2ba6:	0e 94 fc 04 	call	0x9f8	; 0x9f8 <get_key>
    2baa:	88 23       	and	r24, r24
    2bac:	b9 f0       	breq	.+46     	; 0x2bdc <test+0x178>
				handle_center -= 2;
    2bae:	80 91 06 02 	lds	r24, 0x0206	; 0x800206 <handle_center>
    2bb2:	90 91 07 02 	lds	r25, 0x0207	; 0x800207 <handle_center+0x1>
    2bb6:	02 97       	sbiw	r24, 0x02	; 2
    2bb8:	90 93 07 02 	sts	0x0207, r25	; 0x800207 <handle_center+0x1>
    2bbc:	80 93 06 02 	sts	0x0206, r24	; 0x800206 <handle_center>
				handle(0);
    2bc0:	80 e0       	ldi	r24, 0x00	; 0
    2bc2:	90 e0       	ldi	r25, 0x00	; 0
    2bc4:	0e 94 64 04 	call	0x8c8	; 0x8c8 <handle>
    2bc8:	9f ef       	ldi	r25, 0xFF	; 255
    2bca:	20 e7       	ldi	r18, 0x70	; 112
    2bcc:	82 e0       	ldi	r24, 0x02	; 2
    2bce:	91 50       	subi	r25, 0x01	; 1
    2bd0:	20 40       	sbci	r18, 0x00	; 0
    2bd2:	80 40       	sbci	r24, 0x00	; 0
    2bd4:	e1 f7       	brne	.-8      	; 0x2bce <test+0x16a>
    2bd6:	00 c0       	rjmp	.+0      	; 0x2bd8 <test+0x174>
    2bd8:	00 00       	nop
    2bda:	01 c1       	rjmp	.+514    	; 0x2dde <test+0x37a>
				_delay_ms(50);
				}else if(SW2){	// press SW2 to turn left
    2bdc:	81 e0       	ldi	r24, 0x01	; 1
    2bde:	0e 94 fc 04 	call	0x9f8	; 0x9f8 <get_key>
    2be2:	88 23       	and	r24, r24
    2be4:	b9 f0       	breq	.+46     	; 0x2c14 <test+0x1b0>
				handle_center += 2;
    2be6:	80 91 06 02 	lds	r24, 0x0206	; 0x800206 <handle_center>
    2bea:	90 91 07 02 	lds	r25, 0x0207	; 0x800207 <handle_center+0x1>
    2bee:	02 96       	adiw	r24, 0x02	; 2
    2bf0:	90 93 07 02 	sts	0x0207, r25	; 0x800207 <handle_center+0x1>
    2bf4:	80 93 06 02 	sts	0x0206, r24	; 0x800206 <handle_center>
				handle(0);
    2bf8:	80 e0       	ldi	r24, 0x00	; 0
    2bfa:	90 e0       	ldi	r25, 0x00	; 0
    2bfc:	0e 94 64 04 	call	0x8c8	; 0x8c8 <handle>
    2c00:	9f ef       	ldi	r25, 0xFF	; 255
    2c02:	20 e7       	ldi	r18, 0x70	; 112
    2c04:	82 e0       	ldi	r24, 0x02	; 2
    2c06:	91 50       	subi	r25, 0x01	; 1
    2c08:	20 40       	sbci	r18, 0x00	; 0
    2c0a:	80 40       	sbci	r24, 0x00	; 0
    2c0c:	e1 f7       	brne	.-8      	; 0x2c06 <test+0x1a2>
    2c0e:	00 c0       	rjmp	.+0      	; 0x2c10 <test+0x1ac>
    2c10:	00 00       	nop
    2c12:	e5 c0       	rjmp	.+458    	; 0x2dde <test+0x37a>
				_delay_ms(50);
			}
			else if (SW1||SW4)
    2c14:	80 e0       	ldi	r24, 0x00	; 0
    2c16:	0e 94 fc 04 	call	0x9f8	; 0x9f8 <get_key>
    2c1a:	81 11       	cpse	r24, r1
    2c1c:	06 c0       	rjmp	.+12     	; 0x2c2a <test+0x1c6>
    2c1e:	83 e0       	ldi	r24, 0x03	; 3
    2c20:	0e 94 fc 04 	call	0x9f8	; 0x9f8 <get_key>
    2c24:	88 23       	and	r24, r24
    2c26:	09 f4       	brne	.+2      	; 0x2c2a <test+0x1c6>
    2c28:	da c0       	rjmp	.+436    	; 0x2dde <test+0x37a>
			{
				save_handle_center();
    2c2a:	0e 94 81 04 	call	0x902	; 0x902 <save_handle_center>
    2c2e:	9f ef       	ldi	r25, 0xFF	; 255
    2c30:	23 ed       	ldi	r18, 0xD3	; 211
    2c32:	80 e3       	ldi	r24, 0x30	; 48
    2c34:	91 50       	subi	r25, 0x01	; 1
    2c36:	20 40       	sbci	r18, 0x00	; 0
    2c38:	80 40       	sbci	r24, 0x00	; 0
    2c3a:	e1 f7       	brne	.-8      	; 0x2c34 <test+0x1d0>
    2c3c:	00 c0       	rjmp	.+0      	; 0x2c3e <test+0x1da>
    2c3e:	00 00       	nop
				_delay_ms(1000);
				beep_long(200);
    2c40:	88 ec       	ldi	r24, 0xC8	; 200
    2c42:	90 e0       	ldi	r25, 0x00	; 0
    2c44:	0e 94 9a 03 	call	0x734	; 0x734 <beep_long>
    2c48:	9f ef       	ldi	r25, 0xFF	; 255
    2c4a:	23 ec       	ldi	r18, 0xC3	; 195
    2c4c:	89 e0       	ldi	r24, 0x09	; 9
    2c4e:	91 50       	subi	r25, 0x01	; 1
    2c50:	20 40       	sbci	r18, 0x00	; 0
    2c52:	80 40       	sbci	r24, 0x00	; 0
    2c54:	e1 f7       	brne	.-8      	; 0x2c4e <test+0x1ea>
    2c56:	00 c0       	rjmp	.+0      	; 0x2c58 <test+0x1f4>
    2c58:	00 00       	nop
    2c5a:	c1 c0       	rjmp	.+386    	; 0x2dde <test+0x37a>
				_delay_ms(200);
			}
			break;
			case 3://test encoder
			RGB(1,1,0);//the RGB light turns yellow
    2c5c:	40 e0       	ldi	r20, 0x00	; 0
    2c5e:	61 e0       	ldi	r22, 0x01	; 1
    2c60:	81 e0       	ldi	r24, 0x01	; 1
    2c62:	0e 94 39 07 	call	0xe72	; 0xe72 <RGB>
			LCD_Gotoxy(0,0);
    2c66:	60 e0       	ldi	r22, 0x00	; 0
    2c68:	80 e0       	ldi	r24, 0x00	; 0
    2c6a:	0e 94 3c 05 	call	0xa78	; 0xa78 <LCD_Gotoxy>
			LCD_PutDec(distance1);
    2c6e:	80 91 ef 02 	lds	r24, 0x02EF	; 0x8002ef <distance1>
    2c72:	90 91 f0 02 	lds	r25, 0x02F0	; 0x8002f0 <distance1+0x1>
    2c76:	0e 94 cf 05 	call	0xb9e	; 0xb9e <LCD_PutDec>
			/************test Encoder***********/
			break;
    2c7a:	b1 c0       	rjmp	.+354    	; 0x2dde <test+0x37a>
			case 4://the RGB light turns blue
			RGB(0,1,1);
    2c7c:	41 e0       	ldi	r20, 0x01	; 1
    2c7e:	61 e0       	ldi	r22, 0x01	; 1
    2c80:	80 e0       	ldi	r24, 0x00	; 0
    2c82:	0e 94 39 07 	call	0xe72	; 0xe72 <RGB>
			LCD_Clr();
    2c86:	0e 94 50 05 	call	0xaa0	; 0xaa0 <LCD_Clr>
			LCD_Gotoxy(0,0);
    2c8a:	60 e0       	ldi	r22, 0x00	; 0
    2c8c:	80 e0       	ldi	r24, 0x00	; 0
    2c8e:	0e 94 3c 05 	call	0xa78	; 0xa78 <LCD_Gotoxy>
			LCD_PutDec(sensor_value[7]);
    2c92:	8e 85       	ldd	r24, Y+14	; 0x0e
    2c94:	9f 85       	ldd	r25, Y+15	; 0x0f
    2c96:	0e 94 cf 05 	call	0xb9e	; 0xb9e <LCD_PutDec>
			LCD_Gotoxy(4,0);
    2c9a:	60 e0       	ldi	r22, 0x00	; 0
    2c9c:	84 e0       	ldi	r24, 0x04	; 4
    2c9e:	0e 94 3c 05 	call	0xa78	; 0xa78 <LCD_Gotoxy>
			LCD_PutDec(sensor_value[6]);
    2ca2:	8c 85       	ldd	r24, Y+12	; 0x0c
    2ca4:	9d 85       	ldd	r25, Y+13	; 0x0d
    2ca6:	0e 94 cf 05 	call	0xb9e	; 0xb9e <LCD_PutDec>
			LCD_Gotoxy(8,0);
    2caa:	60 e0       	ldi	r22, 0x00	; 0
    2cac:	88 e0       	ldi	r24, 0x08	; 8
    2cae:	0e 94 3c 05 	call	0xa78	; 0xa78 <LCD_Gotoxy>
			LCD_PutDec(sensor_value[5]);
    2cb2:	8a 85       	ldd	r24, Y+10	; 0x0a
    2cb4:	9b 85       	ldd	r25, Y+11	; 0x0b
    2cb6:	0e 94 cf 05 	call	0xb9e	; 0xb9e <LCD_PutDec>
			LCD_Gotoxy(12,0);
    2cba:	60 e0       	ldi	r22, 0x00	; 0
    2cbc:	8c e0       	ldi	r24, 0x0C	; 12
    2cbe:	0e 94 3c 05 	call	0xa78	; 0xa78 <LCD_Gotoxy>
			LCD_PutDec(sensor_value[4]);
    2cc2:	88 85       	ldd	r24, Y+8	; 0x08
    2cc4:	99 85       	ldd	r25, Y+9	; 0x09
    2cc6:	0e 94 cf 05 	call	0xb9e	; 0xb9e <LCD_PutDec>
			LCD_Gotoxy(0,1);
    2cca:	61 e0       	ldi	r22, 0x01	; 1
    2ccc:	80 e0       	ldi	r24, 0x00	; 0
    2cce:	0e 94 3c 05 	call	0xa78	; 0xa78 <LCD_Gotoxy>
			LCD_PutDec(sensor_value[3]);
    2cd2:	8e 81       	ldd	r24, Y+6	; 0x06
    2cd4:	9f 81       	ldd	r25, Y+7	; 0x07
    2cd6:	0e 94 cf 05 	call	0xb9e	; 0xb9e <LCD_PutDec>
			LCD_Gotoxy(4,1);
    2cda:	61 e0       	ldi	r22, 0x01	; 1
    2cdc:	84 e0       	ldi	r24, 0x04	; 4
    2cde:	0e 94 3c 05 	call	0xa78	; 0xa78 <LCD_Gotoxy>
			LCD_PutDec(sensor_value[2]);
    2ce2:	8c 81       	ldd	r24, Y+4	; 0x04
    2ce4:	9d 81       	ldd	r25, Y+5	; 0x05
    2ce6:	0e 94 cf 05 	call	0xb9e	; 0xb9e <LCD_PutDec>
			LCD_Gotoxy(8,1);
    2cea:	61 e0       	ldi	r22, 0x01	; 1
    2cec:	88 e0       	ldi	r24, 0x08	; 8
    2cee:	0e 94 3c 05 	call	0xa78	; 0xa78 <LCD_Gotoxy>
			LCD_PutDec(sensor_value[1]);
    2cf2:	8a 81       	ldd	r24, Y+2	; 0x02
    2cf4:	9b 81       	ldd	r25, Y+3	; 0x03
    2cf6:	0e 94 cf 05 	call	0xb9e	; 0xb9e <LCD_PutDec>
			LCD_Gotoxy(12,1);
    2cfa:	61 e0       	ldi	r22, 0x01	; 1
    2cfc:	8c e0       	ldi	r24, 0x0C	; 12
    2cfe:	0e 94 3c 05 	call	0xa78	; 0xa78 <LCD_Gotoxy>
			LCD_PutDec(sensor_value[0]);
    2d02:	88 81       	ld	r24, Y
    2d04:	99 81       	ldd	r25, Y+1	; 0x01
    2d06:	0e 94 cf 05 	call	0xb9e	; 0xb9e <LCD_PutDec>
    2d0a:	9f ef       	ldi	r25, 0xFF	; 255
    2d0c:	21 ee       	ldi	r18, 0xE1	; 225
    2d0e:	84 e0       	ldi	r24, 0x04	; 4
    2d10:	91 50       	subi	r25, 0x01	; 1
    2d12:	20 40       	sbci	r18, 0x00	; 0
    2d14:	80 40       	sbci	r24, 0x00	; 0
    2d16:	e1 f7       	brne	.-8      	; 0x2d10 <test+0x2ac>
    2d18:	00 c0       	rjmp	.+0      	; 0x2d1a <test+0x2b6>
    2d1a:	00 00       	nop
    2d1c:	60 c0       	rjmp	.+192    	; 0x2dde <test+0x37a>
			_delay_ms(100);
			//RYGB(0,100,0,0);
			break;
			case 5:
			RGB(1,0,1);//the RGB light turns purple
    2d1e:	41 e0       	ldi	r20, 0x01	; 1
    2d20:	60 e0       	ldi	r22, 0x00	; 0
    2d22:	81 e0       	ldi	r24, 0x01	; 1
    2d24:	0e 94 39 07 	call	0xe72	; 0xe72 <RGB>
			if (SW3){			// press SW3 to turn right
    2d28:	82 e0       	ldi	r24, 0x02	; 2
    2d2a:	0e 94 fc 04 	call	0x9f8	; 0x9f8 <get_key>
    2d2e:	88 23       	and	r24, r24
    2d30:	71 f0       	breq	.+28     	; 0x2d4e <test+0x2ea>
				
				handle(35);
    2d32:	83 e2       	ldi	r24, 0x23	; 35
    2d34:	90 e0       	ldi	r25, 0x00	; 0
    2d36:	0e 94 64 04 	call	0x8c8	; 0x8c8 <handle>
    2d3a:	9f ef       	ldi	r25, 0xFF	; 255
    2d3c:	20 e7       	ldi	r18, 0x70	; 112
    2d3e:	82 e0       	ldi	r24, 0x02	; 2
    2d40:	91 50       	subi	r25, 0x01	; 1
    2d42:	20 40       	sbci	r18, 0x00	; 0
    2d44:	80 40       	sbci	r24, 0x00	; 0
    2d46:	e1 f7       	brne	.-8      	; 0x2d40 <test+0x2dc>
    2d48:	00 c0       	rjmp	.+0      	; 0x2d4a <test+0x2e6>
    2d4a:	00 00       	nop
    2d4c:	48 c0       	rjmp	.+144    	; 0x2dde <test+0x37a>
				_delay_ms(50);
				}else if(SW2){	// press SW2 to turn left
    2d4e:	81 e0       	ldi	r24, 0x01	; 1
    2d50:	0e 94 fc 04 	call	0x9f8	; 0x9f8 <get_key>
    2d54:	88 23       	and	r24, r24
    2d56:	09 f4       	brne	.+2      	; 0x2d5a <test+0x2f6>
    2d58:	42 c0       	rjmp	.+132    	; 0x2dde <test+0x37a>
				
				handle(-35);
    2d5a:	8d ed       	ldi	r24, 0xDD	; 221
    2d5c:	9f ef       	ldi	r25, 0xFF	; 255
    2d5e:	0e 94 64 04 	call	0x8c8	; 0x8c8 <handle>
    2d62:	9f e7       	ldi	r25, 0x7F	; 127
    2d64:	22 e3       	ldi	r18, 0x32	; 50
    2d66:	82 e0       	ldi	r24, 0x02	; 2
    2d68:	91 50       	subi	r25, 0x01	; 1
    2d6a:	20 40       	sbci	r18, 0x00	; 0
    2d6c:	80 40       	sbci	r24, 0x00	; 0
    2d6e:	e1 f7       	brne	.-8      	; 0x2d68 <test+0x304>
    2d70:	00 c0       	rjmp	.+0      	; 0x2d72 <test+0x30e>
    2d72:	00 00       	nop
    2d74:	34 c0       	rjmp	.+104    	; 0x2dde <test+0x37a>
				_delay_ms(45);
			}
			
			break;
			default:// go to run.c
			RGB(0,0,0);
    2d76:	40 e0       	ldi	r20, 0x00	; 0
    2d78:	60 e0       	ldi	r22, 0x00	; 0
    2d7a:	80 e0       	ldi	r24, 0x00	; 0
    2d7c:	0e 94 39 07 	call	0xe72	; 0xe72 <RGB>
			if (SW1)
    2d80:	80 e0       	ldi	r24, 0x00	; 0
    2d82:	0e 94 fc 04 	call	0x9f8	; 0x9f8 <get_key>
    2d86:	88 23       	and	r24, r24
    2d88:	39 f0       	breq	.+14     	; 0x2d98 <test+0x334>
			{
				
				testing_flag = 0;
    2d8a:	10 92 08 02 	sts	0x0208, r1	; 0x800208 <testing_flag>
				beep_long(200);
    2d8e:	88 ec       	ldi	r24, 0xC8	; 200
    2d90:	90 e0       	ldi	r25, 0x00	; 0
    2d92:	0e 94 9a 03 	call	0x734	; 0x734 <beep_long>
    2d96:	23 c0       	rjmp	.+70     	; 0x2dde <test+0x37a>
			}
			else if(SW4)
    2d98:	83 e0       	ldi	r24, 0x03	; 3
    2d9a:	0e 94 fc 04 	call	0x9f8	; 0x9f8 <get_key>
    2d9e:	88 23       	and	r24, r24
    2da0:	39 f0       	breq	.+14     	; 0x2db0 <test+0x34c>
			{
				testing_flag = 0;
    2da2:	10 92 08 02 	sts	0x0208, r1	; 0x800208 <testing_flag>
				beep_long(200);
    2da6:	88 ec       	ldi	r24, 0xC8	; 200
    2da8:	90 e0       	ldi	r25, 0x00	; 0
    2daa:	0e 94 9a 03 	call	0x734	; 0x734 <beep_long>
    2dae:	17 c0       	rjmp	.+46     	; 0x2dde <test+0x37a>
			}
			else if (SW2)
    2db0:	81 e0       	ldi	r24, 0x01	; 1
    2db2:	0e 94 fc 04 	call	0x9f8	; 0x9f8 <get_key>
    2db6:	88 23       	and	r24, r24
    2db8:	39 f0       	breq	.+14     	; 0x2dc8 <test+0x364>
			{
				
				testing_flag = 0;
    2dba:	10 92 08 02 	sts	0x0208, r1	; 0x800208 <testing_flag>
				beep_long(200);
    2dbe:	88 ec       	ldi	r24, 0xC8	; 200
    2dc0:	90 e0       	ldi	r25, 0x00	; 0
    2dc2:	0e 94 9a 03 	call	0x734	; 0x734 <beep_long>
    2dc6:	0b c0       	rjmp	.+22     	; 0x2dde <test+0x37a>
			}
			else if(SW3)
    2dc8:	82 e0       	ldi	r24, 0x02	; 2
    2dca:	0e 94 fc 04 	call	0x9f8	; 0x9f8 <get_key>
    2dce:	88 23       	and	r24, r24
    2dd0:	31 f0       	breq	.+12     	; 0x2dde <test+0x37a>
			{
				testing_flag = 0;
    2dd2:	10 92 08 02 	sts	0x0208, r1	; 0x800208 <testing_flag>
				beep_long(200);
    2dd6:	88 ec       	ldi	r24, 0xC8	; 200
    2dd8:	90 e0       	ldi	r25, 0x00	; 0
    2dda:	0e 94 9a 03 	call	0x734	; 0x734 <beep_long>
/*              to test all modules   */
/*              on the car       */
/*====================================*/

void test(){
	while(testing_flag == 1){
    2dde:	80 91 08 02 	lds	r24, 0x0208	; 0x800208 <testing_flag>
    2de2:	81 30       	cpi	r24, 0x01	; 1
    2de4:	09 f4       	brne	.+2      	; 0x2de8 <test+0x384>
    2de6:	43 ce       	rjmp	.-890    	; 0x2a6e <test+0xa>
			
			break;
			
		}
	}
}
    2de8:	df 91       	pop	r29
    2dea:	cf 91       	pop	r28
    2dec:	08 95       	ret

00002dee <timer_init>:
/*  Description: configure hardware   */
/*               for timer function   */
/*====================================*/
void timer_init()
{	
	cnt1 = cnt2 = cnt3 = cnt4 = 0;
    2dee:	10 92 4e 03 	sts	0x034E, r1	; 0x80034e <cnt4+0x1>
    2df2:	10 92 4d 03 	sts	0x034D, r1	; 0x80034d <cnt4>
    2df6:	10 92 4c 03 	sts	0x034C, r1	; 0x80034c <cnt3+0x1>
    2dfa:	10 92 4b 03 	sts	0x034B, r1	; 0x80034b <cnt3>
    2dfe:	10 92 45 03 	sts	0x0345, r1	; 0x800345 <cnt2+0x1>
    2e02:	10 92 44 03 	sts	0x0344, r1	; 0x800344 <cnt2>
    2e06:	10 92 50 03 	sts	0x0350, r1	; 0x800350 <cnt1+0x1>
    2e0a:	10 92 4f 03 	sts	0x034F, r1	; 0x80034f <cnt1>
// Clock value: 250.000 kHz
// Mode: Normal top=0xFF
// OC0A output: Disconnected
// OC0B output: Disconnected
// Timer Period: 1 ms
TCCR0A=(0<<COM0A1) | (0<<COM0A0) | (0<<COM0B1) | (0<<COM0B0) | (0<<WGM01) | (0<<WGM00);
    2e0e:	14 bc       	out	0x24, r1	; 36
TCCR0B=(0<<WGM02) | (0<<CS02) | (1<<CS01) | (1<<CS00);
    2e10:	83 e0       	ldi	r24, 0x03	; 3
    2e12:	85 bd       	out	0x25, r24	; 37
TCNT0=0x06;
    2e14:	86 e0       	ldi	r24, 0x06	; 6
    2e16:	86 bd       	out	0x26, r24	; 38
TIMSK0=(0<<OCIE0B) | (0<<OCIE0A) | (1<<TOIE0);
    2e18:	81 e0       	ldi	r24, 0x01	; 1
    2e1a:	80 93 6e 00 	sts	0x006E, r24	; 0x80006e <__TEXT_REGION_LENGTH__+0x7c006e>
    2e1e:	08 95       	ret

00002e20 <virtual_timer>:
/*  Description: virtual timer        */
/*           virtual delay to use in  */
/*           algorithm                */ 
/*====================================*/
void virtual_timer(){
	cnt1 ++;
    2e20:	80 91 4f 03 	lds	r24, 0x034F	; 0x80034f <cnt1>
    2e24:	90 91 50 03 	lds	r25, 0x0350	; 0x800350 <cnt1+0x1>
    2e28:	01 96       	adiw	r24, 0x01	; 1
    2e2a:	90 93 50 03 	sts	0x0350, r25	; 0x800350 <cnt1+0x1>
    2e2e:	80 93 4f 03 	sts	0x034F, r24	; 0x80034f <cnt1>
	cnt2 ++;
    2e32:	80 91 44 03 	lds	r24, 0x0344	; 0x800344 <cnt2>
    2e36:	90 91 45 03 	lds	r25, 0x0345	; 0x800345 <cnt2+0x1>
    2e3a:	01 96       	adiw	r24, 0x01	; 1
    2e3c:	90 93 45 03 	sts	0x0345, r25	; 0x800345 <cnt2+0x1>
    2e40:	80 93 44 03 	sts	0x0344, r24	; 0x800344 <cnt2>
	cnt4 ++;
    2e44:	80 91 4d 03 	lds	r24, 0x034D	; 0x80034d <cnt4>
    2e48:	90 91 4e 03 	lds	r25, 0x034E	; 0x80034e <cnt4+0x1>
    2e4c:	01 96       	adiw	r24, 0x01	; 1
    2e4e:	90 93 4e 03 	sts	0x034E, r25	; 0x80034e <cnt4+0x1>
    2e52:	80 93 4d 03 	sts	0x034D, r24	; 0x80034d <cnt4>
	if (curveFlag == 0)
    2e56:	80 91 46 03 	lds	r24, 0x0346	; 0x800346 <curveFlag>
    2e5a:	81 11       	cpse	r24, r1
    2e5c:	0a c0       	rjmp	.+20     	; 0x2e72 <virtual_timer+0x52>
	{
		cnt3++;
    2e5e:	80 91 4b 03 	lds	r24, 0x034B	; 0x80034b <cnt3>
    2e62:	90 91 4c 03 	lds	r25, 0x034C	; 0x80034c <cnt3+0x1>
    2e66:	01 96       	adiw	r24, 0x01	; 1
    2e68:	90 93 4c 03 	sts	0x034C, r25	; 0x80034c <cnt3+0x1>
    2e6c:	80 93 4b 03 	sts	0x034B, r24	; 0x80034b <cnt3>
    2e70:	15 c0       	rjmp	.+42     	; 0x2e9c <virtual_timer+0x7c>
	}
	else if (curveFlag == 1)		
    2e72:	81 30       	cpi	r24, 0x01	; 1
    2e74:	99 f4       	brne	.+38     	; 0x2e9c <virtual_timer+0x7c>
	{
		cnt3 = 0;
    2e76:	10 92 4c 03 	sts	0x034C, r1	; 0x80034c <cnt3+0x1>
    2e7a:	10 92 4b 03 	sts	0x034B, r1	; 0x80034b <cnt3>
		brakeCurve--;	
    2e7e:	80 91 47 03 	lds	r24, 0x0347	; 0x800347 <brakeCurve>
    2e82:	90 91 48 03 	lds	r25, 0x0348	; 0x800348 <brakeCurve+0x1>
    2e86:	01 97       	sbiw	r24, 0x01	; 1
		if (brakeCurve < 10)
    2e88:	8a 30       	cpi	r24, 0x0A	; 10
    2e8a:	91 05       	cpc	r25, r1
    2e8c:	a8 f4       	brcc	.+42     	; 0x2eb8 <virtual_timer+0x98>
		{
			brakeCurve = 10;
    2e8e:	8a e0       	ldi	r24, 0x0A	; 10
    2e90:	90 e0       	ldi	r25, 0x00	; 0
    2e92:	90 93 48 03 	sts	0x0348, r25	; 0x800348 <brakeCurve+0x1>
    2e96:	80 93 47 03 	sts	0x0347, r24	; 0x800347 <brakeCurve>
    2e9a:	08 95       	ret
		}	
	}
	if (cnt3 > 300)
    2e9c:	80 91 4b 03 	lds	r24, 0x034B	; 0x80034b <cnt3>
    2ea0:	90 91 4c 03 	lds	r25, 0x034C	; 0x80034c <cnt3+0x1>
    2ea4:	8d 32       	cpi	r24, 0x2D	; 45
    2ea6:	91 40       	sbci	r25, 0x01	; 1
    2ea8:	58 f0       	brcs	.+22     	; 0x2ec0 <virtual_timer+0xa0>
	{
		brakeCurve = 81;
    2eaa:	81 e5       	ldi	r24, 0x51	; 81
    2eac:	90 e0       	ldi	r25, 0x00	; 0
    2eae:	90 93 48 03 	sts	0x0348, r25	; 0x800348 <brakeCurve+0x1>
    2eb2:	80 93 47 03 	sts	0x0347, r24	; 0x800347 <brakeCurve>
// 	{
// 		velocity = distance2;
// 		cnt3 = 0;
// 		distance2 =  0;
// 	}
}
    2eb6:	08 95       	ret
		cnt3++;
	}
	else if (curveFlag == 1)		
	{
		cnt3 = 0;
		brakeCurve--;	
    2eb8:	90 93 48 03 	sts	0x0348, r25	; 0x800348 <brakeCurve+0x1>
    2ebc:	80 93 47 03 	sts	0x0347, r24	; 0x800347 <brakeCurve>
    2ec0:	08 95       	ret

00002ec2 <__divmodhi4>:
    2ec2:	97 fb       	bst	r25, 7
    2ec4:	07 2e       	mov	r0, r23
    2ec6:	16 f4       	brtc	.+4      	; 0x2ecc <__divmodhi4+0xa>
    2ec8:	00 94       	com	r0
    2eca:	06 d0       	rcall	.+12     	; 0x2ed8 <__divmodhi4_neg1>
    2ecc:	77 fd       	sbrc	r23, 7
    2ece:	08 d0       	rcall	.+16     	; 0x2ee0 <__divmodhi4_neg2>
    2ed0:	22 d0       	rcall	.+68     	; 0x2f16 <__udivmodhi4>
    2ed2:	07 fc       	sbrc	r0, 7
    2ed4:	05 d0       	rcall	.+10     	; 0x2ee0 <__divmodhi4_neg2>
    2ed6:	3e f4       	brtc	.+14     	; 0x2ee6 <__divmodhi4_exit>

00002ed8 <__divmodhi4_neg1>:
    2ed8:	90 95       	com	r25
    2eda:	81 95       	neg	r24
    2edc:	9f 4f       	sbci	r25, 0xFF	; 255
    2ede:	08 95       	ret

00002ee0 <__divmodhi4_neg2>:
    2ee0:	70 95       	com	r23
    2ee2:	61 95       	neg	r22
    2ee4:	7f 4f       	sbci	r23, 0xFF	; 255

00002ee6 <__divmodhi4_exit>:
    2ee6:	08 95       	ret

00002ee8 <__tablejump2__>:
    2ee8:	ee 0f       	add	r30, r30
    2eea:	ff 1f       	adc	r31, r31
    2eec:	88 1f       	adc	r24, r24
    2eee:	8b bf       	out	0x3b, r24	; 59
    2ef0:	07 90       	elpm	r0, Z+
    2ef2:	f6 91       	elpm	r31, Z
    2ef4:	e0 2d       	mov	r30, r0
    2ef6:	19 94       	eijmp

00002ef8 <__umulhisi3>:
    2ef8:	a2 9f       	mul	r26, r18
    2efa:	b0 01       	movw	r22, r0
    2efc:	b3 9f       	mul	r27, r19
    2efe:	c0 01       	movw	r24, r0
    2f00:	a3 9f       	mul	r26, r19
    2f02:	70 0d       	add	r23, r0
    2f04:	81 1d       	adc	r24, r1
    2f06:	11 24       	eor	r1, r1
    2f08:	91 1d       	adc	r25, r1
    2f0a:	b2 9f       	mul	r27, r18
    2f0c:	70 0d       	add	r23, r0
    2f0e:	81 1d       	adc	r24, r1
    2f10:	11 24       	eor	r1, r1
    2f12:	91 1d       	adc	r25, r1
    2f14:	08 95       	ret

00002f16 <__udivmodhi4>:
    2f16:	aa 1b       	sub	r26, r26
    2f18:	bb 1b       	sub	r27, r27
    2f1a:	51 e1       	ldi	r21, 0x11	; 17
    2f1c:	07 c0       	rjmp	.+14     	; 0x2f2c <__udivmodhi4_ep>

00002f1e <__udivmodhi4_loop>:
    2f1e:	aa 1f       	adc	r26, r26
    2f20:	bb 1f       	adc	r27, r27
    2f22:	a6 17       	cp	r26, r22
    2f24:	b7 07       	cpc	r27, r23
    2f26:	10 f0       	brcs	.+4      	; 0x2f2c <__udivmodhi4_ep>
    2f28:	a6 1b       	sub	r26, r22
    2f2a:	b7 0b       	sbc	r27, r23

00002f2c <__udivmodhi4_ep>:
    2f2c:	88 1f       	adc	r24, r24
    2f2e:	99 1f       	adc	r25, r25
    2f30:	5a 95       	dec	r21
    2f32:	a9 f7       	brne	.-22     	; 0x2f1e <__udivmodhi4_loop>
    2f34:	80 95       	com	r24
    2f36:	90 95       	com	r25
    2f38:	bc 01       	movw	r22, r24
    2f3a:	cd 01       	movw	r24, r26
    2f3c:	08 95       	ret

00002f3e <malloc>:
    2f3e:	0f 93       	push	r16
    2f40:	1f 93       	push	r17
    2f42:	cf 93       	push	r28
    2f44:	df 93       	push	r29
    2f46:	82 30       	cpi	r24, 0x02	; 2
    2f48:	91 05       	cpc	r25, r1
    2f4a:	10 f4       	brcc	.+4      	; 0x2f50 <malloc+0x12>
    2f4c:	82 e0       	ldi	r24, 0x02	; 2
    2f4e:	90 e0       	ldi	r25, 0x00	; 0
    2f50:	e0 91 53 03 	lds	r30, 0x0353	; 0x800353 <__flp>
    2f54:	f0 91 54 03 	lds	r31, 0x0354	; 0x800354 <__flp+0x1>
    2f58:	20 e0       	ldi	r18, 0x00	; 0
    2f5a:	30 e0       	ldi	r19, 0x00	; 0
    2f5c:	a0 e0       	ldi	r26, 0x00	; 0
    2f5e:	b0 e0       	ldi	r27, 0x00	; 0
    2f60:	30 97       	sbiw	r30, 0x00	; 0
    2f62:	19 f1       	breq	.+70     	; 0x2faa <malloc+0x6c>
    2f64:	40 81       	ld	r20, Z
    2f66:	51 81       	ldd	r21, Z+1	; 0x01
    2f68:	02 81       	ldd	r16, Z+2	; 0x02
    2f6a:	13 81       	ldd	r17, Z+3	; 0x03
    2f6c:	48 17       	cp	r20, r24
    2f6e:	59 07       	cpc	r21, r25
    2f70:	c8 f0       	brcs	.+50     	; 0x2fa4 <malloc+0x66>
    2f72:	84 17       	cp	r24, r20
    2f74:	95 07       	cpc	r25, r21
    2f76:	69 f4       	brne	.+26     	; 0x2f92 <malloc+0x54>
    2f78:	10 97       	sbiw	r26, 0x00	; 0
    2f7a:	31 f0       	breq	.+12     	; 0x2f88 <malloc+0x4a>
    2f7c:	12 96       	adiw	r26, 0x02	; 2
    2f7e:	0c 93       	st	X, r16
    2f80:	12 97       	sbiw	r26, 0x02	; 2
    2f82:	13 96       	adiw	r26, 0x03	; 3
    2f84:	1c 93       	st	X, r17
    2f86:	27 c0       	rjmp	.+78     	; 0x2fd6 <malloc+0x98>
    2f88:	00 93 53 03 	sts	0x0353, r16	; 0x800353 <__flp>
    2f8c:	10 93 54 03 	sts	0x0354, r17	; 0x800354 <__flp+0x1>
    2f90:	22 c0       	rjmp	.+68     	; 0x2fd6 <malloc+0x98>
    2f92:	21 15       	cp	r18, r1
    2f94:	31 05       	cpc	r19, r1
    2f96:	19 f0       	breq	.+6      	; 0x2f9e <malloc+0x60>
    2f98:	42 17       	cp	r20, r18
    2f9a:	53 07       	cpc	r21, r19
    2f9c:	18 f4       	brcc	.+6      	; 0x2fa4 <malloc+0x66>
    2f9e:	9a 01       	movw	r18, r20
    2fa0:	bd 01       	movw	r22, r26
    2fa2:	ef 01       	movw	r28, r30
    2fa4:	df 01       	movw	r26, r30
    2fa6:	f8 01       	movw	r30, r16
    2fa8:	db cf       	rjmp	.-74     	; 0x2f60 <malloc+0x22>
    2faa:	21 15       	cp	r18, r1
    2fac:	31 05       	cpc	r19, r1
    2fae:	f9 f0       	breq	.+62     	; 0x2fee <malloc+0xb0>
    2fb0:	28 1b       	sub	r18, r24
    2fb2:	39 0b       	sbc	r19, r25
    2fb4:	24 30       	cpi	r18, 0x04	; 4
    2fb6:	31 05       	cpc	r19, r1
    2fb8:	80 f4       	brcc	.+32     	; 0x2fda <malloc+0x9c>
    2fba:	8a 81       	ldd	r24, Y+2	; 0x02
    2fbc:	9b 81       	ldd	r25, Y+3	; 0x03
    2fbe:	61 15       	cp	r22, r1
    2fc0:	71 05       	cpc	r23, r1
    2fc2:	21 f0       	breq	.+8      	; 0x2fcc <malloc+0x8e>
    2fc4:	fb 01       	movw	r30, r22
    2fc6:	93 83       	std	Z+3, r25	; 0x03
    2fc8:	82 83       	std	Z+2, r24	; 0x02
    2fca:	04 c0       	rjmp	.+8      	; 0x2fd4 <malloc+0x96>
    2fcc:	90 93 54 03 	sts	0x0354, r25	; 0x800354 <__flp+0x1>
    2fd0:	80 93 53 03 	sts	0x0353, r24	; 0x800353 <__flp>
    2fd4:	fe 01       	movw	r30, r28
    2fd6:	32 96       	adiw	r30, 0x02	; 2
    2fd8:	44 c0       	rjmp	.+136    	; 0x3062 <malloc+0x124>
    2fda:	fe 01       	movw	r30, r28
    2fdc:	e2 0f       	add	r30, r18
    2fde:	f3 1f       	adc	r31, r19
    2fe0:	81 93       	st	Z+, r24
    2fe2:	91 93       	st	Z+, r25
    2fe4:	22 50       	subi	r18, 0x02	; 2
    2fe6:	31 09       	sbc	r19, r1
    2fe8:	39 83       	std	Y+1, r19	; 0x01
    2fea:	28 83       	st	Y, r18
    2fec:	3a c0       	rjmp	.+116    	; 0x3062 <malloc+0x124>
    2fee:	20 91 51 03 	lds	r18, 0x0351	; 0x800351 <__brkval>
    2ff2:	30 91 52 03 	lds	r19, 0x0352	; 0x800352 <__brkval+0x1>
    2ff6:	23 2b       	or	r18, r19
    2ff8:	41 f4       	brne	.+16     	; 0x300a <malloc+0xcc>
    2ffa:	20 91 02 02 	lds	r18, 0x0202	; 0x800202 <__malloc_heap_start>
    2ffe:	30 91 03 02 	lds	r19, 0x0203	; 0x800203 <__malloc_heap_start+0x1>
    3002:	30 93 52 03 	sts	0x0352, r19	; 0x800352 <__brkval+0x1>
    3006:	20 93 51 03 	sts	0x0351, r18	; 0x800351 <__brkval>
    300a:	20 91 00 02 	lds	r18, 0x0200	; 0x800200 <__DATA_REGION_ORIGIN__>
    300e:	30 91 01 02 	lds	r19, 0x0201	; 0x800201 <__DATA_REGION_ORIGIN__+0x1>
    3012:	21 15       	cp	r18, r1
    3014:	31 05       	cpc	r19, r1
    3016:	41 f4       	brne	.+16     	; 0x3028 <malloc+0xea>
    3018:	2d b7       	in	r18, 0x3d	; 61
    301a:	3e b7       	in	r19, 0x3e	; 62
    301c:	40 91 04 02 	lds	r20, 0x0204	; 0x800204 <__malloc_margin>
    3020:	50 91 05 02 	lds	r21, 0x0205	; 0x800205 <__malloc_margin+0x1>
    3024:	24 1b       	sub	r18, r20
    3026:	35 0b       	sbc	r19, r21
    3028:	e0 91 51 03 	lds	r30, 0x0351	; 0x800351 <__brkval>
    302c:	f0 91 52 03 	lds	r31, 0x0352	; 0x800352 <__brkval+0x1>
    3030:	e2 17       	cp	r30, r18
    3032:	f3 07       	cpc	r31, r19
    3034:	a0 f4       	brcc	.+40     	; 0x305e <malloc+0x120>
    3036:	2e 1b       	sub	r18, r30
    3038:	3f 0b       	sbc	r19, r31
    303a:	28 17       	cp	r18, r24
    303c:	39 07       	cpc	r19, r25
    303e:	78 f0       	brcs	.+30     	; 0x305e <malloc+0x120>
    3040:	ac 01       	movw	r20, r24
    3042:	4e 5f       	subi	r20, 0xFE	; 254
    3044:	5f 4f       	sbci	r21, 0xFF	; 255
    3046:	24 17       	cp	r18, r20
    3048:	35 07       	cpc	r19, r21
    304a:	48 f0       	brcs	.+18     	; 0x305e <malloc+0x120>
    304c:	4e 0f       	add	r20, r30
    304e:	5f 1f       	adc	r21, r31
    3050:	50 93 52 03 	sts	0x0352, r21	; 0x800352 <__brkval+0x1>
    3054:	40 93 51 03 	sts	0x0351, r20	; 0x800351 <__brkval>
    3058:	81 93       	st	Z+, r24
    305a:	91 93       	st	Z+, r25
    305c:	02 c0       	rjmp	.+4      	; 0x3062 <malloc+0x124>
    305e:	e0 e0       	ldi	r30, 0x00	; 0
    3060:	f0 e0       	ldi	r31, 0x00	; 0
    3062:	cf 01       	movw	r24, r30
    3064:	df 91       	pop	r29
    3066:	cf 91       	pop	r28
    3068:	1f 91       	pop	r17
    306a:	0f 91       	pop	r16
    306c:	08 95       	ret

0000306e <free>:
    306e:	cf 93       	push	r28
    3070:	df 93       	push	r29
    3072:	00 97       	sbiw	r24, 0x00	; 0
    3074:	09 f4       	brne	.+2      	; 0x3078 <free+0xa>
    3076:	81 c0       	rjmp	.+258    	; 0x317a <free+0x10c>
    3078:	fc 01       	movw	r30, r24
    307a:	32 97       	sbiw	r30, 0x02	; 2
    307c:	13 82       	std	Z+3, r1	; 0x03
    307e:	12 82       	std	Z+2, r1	; 0x02
    3080:	a0 91 53 03 	lds	r26, 0x0353	; 0x800353 <__flp>
    3084:	b0 91 54 03 	lds	r27, 0x0354	; 0x800354 <__flp+0x1>
    3088:	10 97       	sbiw	r26, 0x00	; 0
    308a:	81 f4       	brne	.+32     	; 0x30ac <free+0x3e>
    308c:	20 81       	ld	r18, Z
    308e:	31 81       	ldd	r19, Z+1	; 0x01
    3090:	82 0f       	add	r24, r18
    3092:	93 1f       	adc	r25, r19
    3094:	20 91 51 03 	lds	r18, 0x0351	; 0x800351 <__brkval>
    3098:	30 91 52 03 	lds	r19, 0x0352	; 0x800352 <__brkval+0x1>
    309c:	28 17       	cp	r18, r24
    309e:	39 07       	cpc	r19, r25
    30a0:	51 f5       	brne	.+84     	; 0x30f6 <free+0x88>
    30a2:	f0 93 52 03 	sts	0x0352, r31	; 0x800352 <__brkval+0x1>
    30a6:	e0 93 51 03 	sts	0x0351, r30	; 0x800351 <__brkval>
    30aa:	67 c0       	rjmp	.+206    	; 0x317a <free+0x10c>
    30ac:	ed 01       	movw	r28, r26
    30ae:	20 e0       	ldi	r18, 0x00	; 0
    30b0:	30 e0       	ldi	r19, 0x00	; 0
    30b2:	ce 17       	cp	r28, r30
    30b4:	df 07       	cpc	r29, r31
    30b6:	40 f4       	brcc	.+16     	; 0x30c8 <free+0x5a>
    30b8:	4a 81       	ldd	r20, Y+2	; 0x02
    30ba:	5b 81       	ldd	r21, Y+3	; 0x03
    30bc:	9e 01       	movw	r18, r28
    30be:	41 15       	cp	r20, r1
    30c0:	51 05       	cpc	r21, r1
    30c2:	f1 f0       	breq	.+60     	; 0x3100 <free+0x92>
    30c4:	ea 01       	movw	r28, r20
    30c6:	f5 cf       	rjmp	.-22     	; 0x30b2 <free+0x44>
    30c8:	d3 83       	std	Z+3, r29	; 0x03
    30ca:	c2 83       	std	Z+2, r28	; 0x02
    30cc:	40 81       	ld	r20, Z
    30ce:	51 81       	ldd	r21, Z+1	; 0x01
    30d0:	84 0f       	add	r24, r20
    30d2:	95 1f       	adc	r25, r21
    30d4:	c8 17       	cp	r28, r24
    30d6:	d9 07       	cpc	r29, r25
    30d8:	59 f4       	brne	.+22     	; 0x30f0 <free+0x82>
    30da:	88 81       	ld	r24, Y
    30dc:	99 81       	ldd	r25, Y+1	; 0x01
    30de:	84 0f       	add	r24, r20
    30e0:	95 1f       	adc	r25, r21
    30e2:	02 96       	adiw	r24, 0x02	; 2
    30e4:	91 83       	std	Z+1, r25	; 0x01
    30e6:	80 83       	st	Z, r24
    30e8:	8a 81       	ldd	r24, Y+2	; 0x02
    30ea:	9b 81       	ldd	r25, Y+3	; 0x03
    30ec:	93 83       	std	Z+3, r25	; 0x03
    30ee:	82 83       	std	Z+2, r24	; 0x02
    30f0:	21 15       	cp	r18, r1
    30f2:	31 05       	cpc	r19, r1
    30f4:	29 f4       	brne	.+10     	; 0x3100 <free+0x92>
    30f6:	f0 93 54 03 	sts	0x0354, r31	; 0x800354 <__flp+0x1>
    30fa:	e0 93 53 03 	sts	0x0353, r30	; 0x800353 <__flp>
    30fe:	3d c0       	rjmp	.+122    	; 0x317a <free+0x10c>
    3100:	e9 01       	movw	r28, r18
    3102:	fb 83       	std	Y+3, r31	; 0x03
    3104:	ea 83       	std	Y+2, r30	; 0x02
    3106:	49 91       	ld	r20, Y+
    3108:	59 91       	ld	r21, Y+
    310a:	c4 0f       	add	r28, r20
    310c:	d5 1f       	adc	r29, r21
    310e:	ec 17       	cp	r30, r28
    3110:	fd 07       	cpc	r31, r29
    3112:	61 f4       	brne	.+24     	; 0x312c <free+0xbe>
    3114:	80 81       	ld	r24, Z
    3116:	91 81       	ldd	r25, Z+1	; 0x01
    3118:	84 0f       	add	r24, r20
    311a:	95 1f       	adc	r25, r21
    311c:	02 96       	adiw	r24, 0x02	; 2
    311e:	e9 01       	movw	r28, r18
    3120:	99 83       	std	Y+1, r25	; 0x01
    3122:	88 83       	st	Y, r24
    3124:	82 81       	ldd	r24, Z+2	; 0x02
    3126:	93 81       	ldd	r25, Z+3	; 0x03
    3128:	9b 83       	std	Y+3, r25	; 0x03
    312a:	8a 83       	std	Y+2, r24	; 0x02
    312c:	e0 e0       	ldi	r30, 0x00	; 0
    312e:	f0 e0       	ldi	r31, 0x00	; 0
    3130:	12 96       	adiw	r26, 0x02	; 2
    3132:	8d 91       	ld	r24, X+
    3134:	9c 91       	ld	r25, X
    3136:	13 97       	sbiw	r26, 0x03	; 3
    3138:	00 97       	sbiw	r24, 0x00	; 0
    313a:	19 f0       	breq	.+6      	; 0x3142 <free+0xd4>
    313c:	fd 01       	movw	r30, r26
    313e:	dc 01       	movw	r26, r24
    3140:	f7 cf       	rjmp	.-18     	; 0x3130 <free+0xc2>
    3142:	8d 91       	ld	r24, X+
    3144:	9c 91       	ld	r25, X
    3146:	11 97       	sbiw	r26, 0x01	; 1
    3148:	9d 01       	movw	r18, r26
    314a:	2e 5f       	subi	r18, 0xFE	; 254
    314c:	3f 4f       	sbci	r19, 0xFF	; 255
    314e:	82 0f       	add	r24, r18
    3150:	93 1f       	adc	r25, r19
    3152:	20 91 51 03 	lds	r18, 0x0351	; 0x800351 <__brkval>
    3156:	30 91 52 03 	lds	r19, 0x0352	; 0x800352 <__brkval+0x1>
    315a:	28 17       	cp	r18, r24
    315c:	39 07       	cpc	r19, r25
    315e:	69 f4       	brne	.+26     	; 0x317a <free+0x10c>
    3160:	30 97       	sbiw	r30, 0x00	; 0
    3162:	29 f4       	brne	.+10     	; 0x316e <free+0x100>
    3164:	10 92 54 03 	sts	0x0354, r1	; 0x800354 <__flp+0x1>
    3168:	10 92 53 03 	sts	0x0353, r1	; 0x800353 <__flp>
    316c:	02 c0       	rjmp	.+4      	; 0x3172 <free+0x104>
    316e:	13 82       	std	Z+3, r1	; 0x03
    3170:	12 82       	std	Z+2, r1	; 0x02
    3172:	b0 93 52 03 	sts	0x0352, r27	; 0x800352 <__brkval+0x1>
    3176:	a0 93 51 03 	sts	0x0351, r26	; 0x800351 <__brkval>
    317a:	df 91       	pop	r29
    317c:	cf 91       	pop	r28
    317e:	08 95       	ret

00003180 <_exit>:
    3180:	f8 94       	cli

00003182 <__stop_program>:
    3182:	ff cf       	rjmp	.-2      	; 0x3182 <__stop_program>
